title,url,published,summary,source,scraped_at
GDP figure exposes lies of Rahul Gandhi’s ‘market of hate’ against India’s development: BJP,https://indianexpress.com/article/india/politics/gdp-figure-exposes-lies-rahuls-market-indias-bjp-8640445/,"Thu, 01 Jun 2023 08:43:16 +0000",,Indian Express Politics,2026-08-11 12:17:42.232788
"Tejashwi by his side, Nitish meets Soren, takes dig at BJP: Is vikas taking place?",https://indianexpress.com/article/india/politics/tejashwi-by-his-side-nitish-meets-soren-takes-dig-at-bjp-is-vikas-taking-place-8602711/,"Wed, 10 May 2023 22:40:42 +0000",,Indian Express Politics,2026-08-11 12:17:42.232788
"Union Minister Tudu, BJP delegation detained, denied permission to enter Sambalpur city",https://indianexpress.com/article/india/politics/union-bjp-bishweswar-tudu-detained-sambalpur-8562845/,"Tue, 18 Apr 2023 09:03:08 +0000",,Indian Express Politics,2026-08-11 12:17:42.232788
CBI files charge sheet against A Raja in disproportionate assets case,https://indianexpress.com/article/india/politics/cbi-charge-sheet-dmk-a-raja-disproportionate-assets-8201666/,"Tue, 11 Oct 2022 04:38:29 +0000",,Indian Express Politics,2026-08-11 12:17:42.232788
"Ex-Bihar MLA, on the run for over two decades, arrested near India-Nepal border",https://indianexpress.com/article/india/politics/ex-bihar-mla-ranjan-tiwary-arrested-near-india-nepal-border-8099390/,"Fri, 19 Aug 2022 10:26:57 +0000",,Indian Express Politics,2026-08-11 12:17:42.232788
"BJP would have won Bengal polls, but Covid played spoilsport: JP Nadda",https://indianexpress.com/article/india/politics/bjp-would-have-won-bengal-polls-but-covid-played-spoilsport-jp-nadda-7961669/,"Fri, 10 Jun 2022 03:44:23 +0000",,Indian Express Politics,2026-08-11 12:17:42.232788
Why Maharashtra NCP president Tatkare is under pressure from Parth Pawar,https://indianexpress.com/article/political-pulse/ncp-leadership-crisis-prashant-kishor-sunil-tatkare-sunetra-pawar-10828228/,"Tue, 11 Aug 2026 11:08:16 +0000",,Indian Express Political Pulse,2026-08-11 12:17:42.652285
"BJP-Akali alliance buzz returns ahead of Punjab polls, but what stands in the way",https://indianexpress.com/article/political-pulse/pm-narendra-modi-sukhbir-badal-meeting-bjp-sad-alliance-punjab-2027-elections-10828186/,"Tue, 11 Aug 2026 10:53:41 +0000",,Indian Express Political Pulse,2026-08-11 12:17:42.652285
Priyanka Gandhi faces off against BJP MPs as Parliament impasse continues,https://indianexpress.com/article/political-pulse/priyanka-gandhi-faces-off-against-bjp-mps-as-parliament-impasse-continues-10828015/,"Tue, 11 Aug 2026 09:29:43 +0000",,Indian Express Political Pulse,2026-08-11 12:17:42.652285
A report recommends ending Bihar’s liquor ban. Why BJP will find it hard,https://indianexpress.com/article/political-pulse/a-report-recommends-ending-bihars-liquor-ban-why-bjp-will-find-it-hard-10827073/,"Tue, 11 Aug 2026 01:45:21 +0000",,Indian Express Political Pulse,2026-08-11 12:17:42.652285
‘Harm by poison’ to ‘culpable homicide’: A Trinamool project unravels,https://indianexpress.com/article/political-pulse/abhishek-banerjees-diamond-harbour-model-cases-health-camps-10827065/,"Tue, 11 Aug 2026 00:38:37 +0000",,Indian Express Political Pulse,2026-08-11 12:17:42.652285
"‘Akhilesh uncle, not bhaiyya’: Akash Anand begins BSP’s Gen Z outreach",https://indianexpress.com/article/political-pulse/up-elections-2027-akash-anand-bsp-hathras-rally-yogi-akhilesh-10826915/,"Mon, 10 Aug 2026 15:51:44 +0000",,Indian Express Political Pulse,2026-08-11 12:17:42.652285
Why Jharkhand protesters are invoking Shibu Soren against son Hemant,https://indianexpress.com/article/political-pulse/jharkhand-protests-hemant-soren-shibu-soren-father-son-political-legacy-10826741/,"Mon, 10 Aug 2026 13:30:19 +0000",,Indian Express Political Pulse,2026-08-11 12:17:42.652285
Why Bhagwant Mann’s parole request for Beant Singh assassin has sparked a row,https://indianexpress.com/article/political-pulse/why-bhagwant-manns-parole-request-for-beant-singh-assassin-has-sparked-a-row-10825441/,"Sun, 09 Aug 2026 23:56:28 +0000",,Indian Express Political Pulse,2026-08-11 12:17:42.652285
Why Congress wants early seat-sharing talks with Samajwadi Party in UP,https://indianexpress.com/article/political-pulse/uttar-pradesh-assembly-elections-2027-congress-samajwadi-party-10825238/,"Sun, 09 Aug 2026 15:18:24 +0000",,Indian Express Political Pulse,2026-08-11 12:17:42.652285
"Why Shivakumar is set to tweak Cabinet amid simmering discontent, absence of woman face",https://indianexpress.com/article/political-pulse/why-shivakumar-is-set-to-tweak-cabinet-amid-simmering-discontent-absence-of-woman-face-10824269/,"Sun, 09 Aug 2026 01:37:26 +0000",,Indian Express Political Pulse,2026-08-11 12:17:42.652285
"Revanth Reddy set for ‘Varuna Yagam’, Opposition targets Congress over ‘farm distress’",https://indianexpress.com/article/political-pulse/revanth-reddy-set-for-varuna-yagam-opposition-targets-congress-over-farm-distress-10824266/,"Sun, 09 Aug 2026 01:25:28 +0000",,Indian Express Political Pulse,2026-08-11 12:17:42.652285
The Bengal irony: BJP cracks down on ‘TMC culture’ within its own ranks,https://indianexpress.com/article/political-pulse/at-bengal-helm-bjp-grapples-with-tmc-culture-cracks-down-on-325-workers-over-extortion-charges-10824265/,"Sun, 09 Aug 2026 00:44:26 +0000",,Indian Express Political Pulse,2026-08-11 12:17:42.652285
"No drop-down menu, caste census format to be open-ended",https://indianexpress.com/article/political-pulse/no-drop-down-options-caste-census-format-to-be-open-ended-10824298/,"Sat, 08 Aug 2026 23:00:03 +0000",,Indian Express Political Pulse,2026-08-11 12:17:42.652285
Tamil Nadu seeks permanent freeze on Lok Sabha seats as Opposition boycotts Vijay’s meeting,https://indianexpress.com/article/political-pulse/tamil-nadu-delimitation-vijay-lok-sabha-543-seat-freeze-10824226/,"Sat, 08 Aug 2026 16:54:19 +0000",,Indian Express Political Pulse,2026-08-11 12:17:42.652285
Protests over DA arrears spiral as govt employees corner AAP ahead of 2027 Punjab polls,https://indianexpress.com/article/political-pulse/protests-da-arrears-govt-employees-aap-2027-punjab-polls-10823845/,"Sat, 08 Aug 2026 10:57:13 +0000",,Indian Express Political Pulse,2026-08-11 12:17:42.652285
Gen Z protests to 2024 poll setback: How RSS chief Mohan Bhagwat nudges BJP into course correction,https://indianexpress.com/article/political-pulse/gen-z-protests-2024-poll-setback-rss-chief-mohan-bhagwat-bjp-course-correction-10823721/,"Sat, 08 Aug 2026 08:46:31 +0000",,Indian Express Political Pulse,2026-08-11 12:17:42.652285
"After Bihar setback, will upper-caste discontent hurt BJP in Uttar Pradesh?",https://indianexpress.com/article/political-pulse/bihar-setback-upper-caste-discontent-bjp-uttar-pradesh-10823576/,"Sat, 08 Aug 2026 06:37:49 +0000",,Indian Express Political Pulse,2026-08-11 12:17:42.652285
Prashant Kishor challenge to infighting: Why RJD hit reset in Bihar,https://indianexpress.com/article/political-pulse/prashant-kishor-challenge-to-infighting-why-rjd-hit-reset-in-bihar-10823115/,"Sat, 08 Aug 2026 01:30:20 +0000",,Indian Express Political Pulse,2026-08-11 12:17:42.652285
The shadow of jailed Amritpal Singh: Punjab has seen this movie before,https://indianexpress.com/article/political-pulse/the-shadow-of-jailed-amritpal-singh-punjab-has-seen-this-movie-before-10823114/,"Sat, 08 Aug 2026 01:30:08 +0000",,Indian Express Political Pulse,2026-08-11 12:17:42.652285
"‘RSS ke chamchon’: Warring’s jibe at Channi camp fuels Punjab Congress crisis, faces blowback",https://indianexpress.com/article/political-pulse/amrinder-singh-raja-warrings-rss-jibe-at-channi-camp-fuels-punjab-congress-crisis-faces-blowback-10823121/,"Sat, 08 Aug 2026 01:25:03 +0000",,Indian Express Political Pulse,2026-08-11 12:17:42.652285
"A 10-minute meeting, a 2027 signal? Modi-Sukhbir meet fuels Punjab alliance buzz",https://indianexpress.com/article/political-pulse/sukhbir-badal-meets-pm-modi-sad-bjp-alliance-punjab-elections-2027-10822959/,"Fri, 07 Aug 2026 15:33:19 +0000",,Indian Express Political Pulse,2026-08-11 12:17:42.652285
"In blow to Jayant Chaudhary before 2027 polls, UP RLD chief quits, flags NDA’s ‘divisive politics’",https://indianexpress.com/article/political-pulse/rld-up-chief-ramashish-rai-resigns-bjp-nda-politics-jayant-chaudhary-10822648/,"Fri, 07 Aug 2026 11:40:18 +0000",,Indian Express Political Pulse,2026-08-11 12:17:42.652285
Why Samajwadi Party is cautious as it targets BJP over Ram Temple ‘theft’,https://indianexpress.com/article/political-pulse/samajwadi-party-cautious-targets-bjp-ram-temple-theft-10822178/,"Fri, 07 Aug 2026 07:54:37 +0000",,Indian Express Political Pulse,2026-08-11 12:17:42.652285
From Pyari to Sujata: Bureaucrats who shaped — and shook — Odisha politics,https://indianexpress.com/article/political-pulse/from-pyari-to-sujata-bureaucrats-who-shaped-and-shook-odisha-politics-10821191/,"Fri, 07 Aug 2026 04:30:43 +0000",,Indian Express Political Pulse,2026-08-11 12:17:42.652285
"After Bankipur bypoll win, PK stirs Mumbai waters, meets top NCP leaders",https://indianexpress.com/article/political-pulse/prashant-kishor-meeting-sunetra-parth-pawar-10821465/,"Fri, 07 Aug 2026 01:35:07 +0000",,Indian Express Political Pulse,2026-08-11 12:17:42.652285
"With 7-month reprieve for son, Upendra Kushwaha keeps BJP at bay. For now",https://indianexpress.com/article/political-pulse/upendra-kushwaha-rlm-bjp-mlc-merger-bihar-10821473/,"Fri, 07 Aug 2026 00:00:59 +0000",,Indian Express Political Pulse,2026-08-11 12:17:42.652285
"In Prashant Kishor’s win, BJP’s moment of reckoning",https://indianexpress.com/article/political-pulse/in-prashant-kishors-win-bjps-moment-of-reckoning-can-bankipur-be-straw-in-a-shifting-wind-10821448/,"Fri, 07 Aug 2026 00:00:10 +0000",,Indian Express Political Pulse,2026-08-11 12:17:42.652285
"As Rahul Gandhi takes his ‘Chhatron ki Goonj’ to Prayagraj, May’s protests still echo in city",https://indianexpress.com/article/political-pulse/congress-rahul-gandhi-chhatron-ki-goon-prayagrah-may-protest-10821263/,"Thu, 06 Aug 2026 15:47:56 +0000",,Indian Express Political Pulse,2026-08-11 12:17:42.652285
Mayawati’s emotional tribute to a ‘brother who never betrayed’ her,https://indianexpress.com/article/political-pulse/bsp-lone-up-mla-uma-shankar-singh-dead-mayawati-thakur-outreach-loss-10821286/,"Thu, 06 Aug 2026 15:08:20 +0000",,Indian Express Political Pulse,2026-08-11 12:17:42.652285
"Centre reaches out to Congress on delimitation: What Rahul, Rijiju discussed",https://indianexpress.com/article/political-pulse/centre-congress-delimitation-rahul-gandhi-kiren-rijiju-10821175/,"Thu, 06 Aug 2026 14:22:38 +0000",,Indian Express Political Pulse,2026-08-11 12:17:42.652285
Congress scrambles to contain Karnataka Cabinet revolt as more MLAs dig in,https://indianexpress.com/article/political-pulse/congress-karnataka-cabinet-mlas-10821002/,"Thu, 06 Aug 2026 13:28:26 +0000",,Indian Express Political Pulse,2026-08-11 12:17:42.652285
Is Punjab BJP becoming ‘Congress-like’? Inside the big fight in the party,https://indianexpress.com/article/political-pulse/punjab-bjp-rebellion-kewal-singh-dhillon-reshuffle-districts-10820798/,"Thu, 06 Aug 2026 10:33:05 +0000",,Indian Express Political Pulse,2026-08-11 12:17:42.652285
"BJP tries to ‘clock it’, but can it pass the Gen Z ‘vibe check’?",https://indianexpress.com/article/political-pulse/gen-z-post-jantar-mantar-protest-bjp-alphabet-soup-10820649/,"Thu, 06 Aug 2026 09:08:00 +0000",,Indian Express Political Pulse,2026-08-11 12:17:42.652285
‘We have voters to answer to’: Why three rebel TMC MPs won’t join NDA meetings,https://indianexpress.com/article/political-pulse/voters-answer-three-rebel-tmc-mps-join-nda-meetings-10819805/,"Thu, 06 Aug 2026 01:35:48 +0000",,Indian Express Political Pulse,2026-08-11 12:17:42.652285
"BJP’s Bankipur loss review: PK aced narrative, ‘kutta-billi’ row hurt most",https://indianexpress.com/article/political-pulse/bankipur-bypoll-result-bjp-reviews-defeat-prashant-kishor-jan-suraaj-party-10819895/,"Thu, 06 Aug 2026 01:30:16 +0000",,Indian Express Political Pulse,2026-08-11 12:17:42.652285
7 years of August 5: Why Omar Abdullah is talking Robert Frost and ‘promises to keep’,https://indianexpress.com/article/political-pulse/omar-abdullah-jammu-kashmir-statehood-demand-article-370-abrogation-anniversary-10819835/,"Thu, 06 Aug 2026 01:22:01 +0000",,Indian Express Political Pulse,2026-08-11 12:17:42.652285
‘Scapegoat’: Father of accused in Suvendu Adhikari aide murder,https://indianexpress.com/article/political-pulse/suvendu-adhikari-aide-murder-chandranath-rath-accused-father-scapegoat-10819823/,"Thu, 06 Aug 2026 00:58:02 +0000",,Indian Express Political Pulse,2026-08-11 12:17:42.652285
"Government reaches out to Opposition, signals it’s ready to soften FCRA Bill",https://indianexpress.com/article/political-pulse/government-reaches-out-to-opposition-signals-its-ready-to-soften-fcra-bill-10819839/,"Wed, 05 Aug 2026 23:50:27 +0000",,Indian Express Political Pulse,2026-08-11 12:17:42.652285
"Decode Politics: Why Mangarh Dham, site of ‘Adivasi Jallianwala’, is in the spotlight again",https://indianexpress.com/article/political-pulse/decode-politics-mangarh-dham-adivasi-jallianwala-spotlight-again-10819517/,"Wed, 05 Aug 2026 13:36:33 +0000",,Indian Express Political Pulse,2026-08-11 12:17:42.652285
"AI cities, space corridors and a bigger Chennai: Vijay sketches Tamil Nadu’s next growth model",https://indianexpress.com/article/political-pulse/vijay-tamil-nadu-ai-spece-corridors-chennai-10819472/,"Wed, 05 Aug 2026 13:19:09 +0000",,Indian Express Political Pulse,2026-08-11 12:17:42.652285
"Kiren Rijiju meets Rahul Gandhi to end House logjam, Congress firm on stand against delimitation",https://indianexpress.com/article/political-pulse/parliament-kiren-rijiju-rahul-gandhi-deadlock-fcra-bill-10819135/,"Wed, 05 Aug 2026 10:32:23 +0000",,Indian Express Political Pulse,2026-08-11 12:17:42.652285
Brij Bhushan’s comeback in BJP has the key hurdle removed,https://indianexpress.com/article/political-pulse/brij-bhushan-sharan-singh-acquittal-bjp-political-comeback-2029-10819119/,"Wed, 05 Aug 2026 10:17:52 +0000",,Indian Express Political Pulse,2026-08-11 12:17:42.652285
"Stung by bypoll loss, BJP issues a rare apology",https://indianexpress.com/article/political-pulse/bjp-madhya-pradesh-speaker-withdraws-remarks-kushwahas-10819055/,"Wed, 05 Aug 2026 09:50:03 +0000",,Indian Express Political Pulse,2026-08-11 12:17:42.652285
Vijay vs Udhayanidhi: Why private lives of leaders fuels Tamil Nadu politics,https://indianexpress.com/article/political-pulse/why-tamil-nadus-fiercest-political-battles-are-often-about-private-lives-of-leaders-10818100/,"Wed, 05 Aug 2026 02:30:05 +0000",,Indian Express Political Pulse,2026-08-11 12:17:42.652285
Why the Jharkhand job protest is becoming a headache for Congress,https://indianexpress.com/article/political-pulse/jharkhand-jpsc-exam-protest-hemant-soren-congress-10818111/,"Wed, 05 Aug 2026 01:35:55 +0000",,Indian Express Political Pulse,2026-08-11 12:17:42.652285
How Channi vs Warring takes centre stage in Congress’s key campaign before Punjab polls,https://indianexpress.com/article/political-pulse/punjab-congress-crisis-channi-vs-warring-assembly-elections-campaign-10818061/,"Wed, 05 Aug 2026 01:35:28 +0000",,Indian Express Political Pulse,2026-08-11 12:17:42.652285
"26 out of crores: India’s Gen Z is everywhere, except where it matters",https://indianexpress.com/article/political-pulse/gen-z-visible-on-the-street-but-invisible-in-house-at-centre-states-10818065/,"Wed, 05 Aug 2026 00:14:26 +0000",,Indian Express Political Pulse,2026-08-11 12:17:42.652285
"In TVK vs DMK flare-up, Udhayanidhi Stalin held over remarks about Tamil nadu CM Vijay, freed on station bail",https://indianexpress.com/article/political-pulse/udhayanidhi-stalin-arrest-tvk-dmk-remarks-on-tamil-nadu-cm-vijay-10818053/,"Tue, 04 Aug 2026 18:07:04 +0000",,Indian Express Political Pulse,2026-08-11 12:17:42.652285
"Madhya Pradesh bypoll defeat forces look within, BJP dissolves entire Datia unit",https://indianexpress.com/article/political-pulse/bjp-dissolves-datia-district-unit-after-assembly-bypoll-defeat-10817999/,"Tue, 04 Aug 2026 16:28:29 +0000",,Indian Express Political Pulse,2026-08-11 12:17:42.652285
"Prashant Kishor’s win a setback for BJP, but why it will worry RJD more",https://indianexpress.com/article/political-pulse/prashant-kishors-win-a-setback-for-bjp-but-it-will-worry-rjd-more-10817746/,"Tue, 04 Aug 2026 12:51:48 +0000",,Indian Express Political Pulse,2026-08-11 12:17:42.652285
"From the Urdu Press: ‘Prashant Kishor’s win can be a game changer in Bihar, puts BJP, Oppn on notice’",https://indianexpress.com/article/political-pulse/from-the-urdu-press-prashant-kishors-win-can-be-a-game-changer-in-bihar-puts-bjp-oppn-on-notice-10817632/,"Tue, 04 Aug 2026 11:36:22 +0000",,Indian Express Political Pulse,2026-08-11 12:17:42.652285
ABVP raises concerns over exams in Opposition-ruled states. What it is talking about,https://indianexpress.com/article/political-pulse/abvp-raises-concerns-over-exams-in-opposition-ruled-states-what-it-is-talking-about-10817330/,"Tue, 04 Aug 2026 10:30:56 +0000",,Indian Express Political Pulse,2026-08-11 12:17:42.652285
How Vijay may have given Udhayanidhi Stalin what dynasty never could,https://indianexpress.com/article/political-pulse/udhayanidhi-stalin-vijay-tamil-nadu-cm-tvk-dmk-10817409/,"Tue, 04 Aug 2026 09:44:53 +0000",,Indian Express Political Pulse,2026-08-11 12:17:42.652285
"In flood-battered Kerala, CM Satheesan’s ‘silence’ speaks louder than words",https://indianexpress.com/article/political-pulse/kerala-floods-cm-satheesan-silence-relief-efforts-10817217/,"Tue, 04 Aug 2026 07:54:40 +0000",,Indian Express Political Pulse,2026-08-11 12:17:42.652285
‘Sangh Parivar better than Gandhi parivar’: Ex-TMC MP who recently joined BJP,https://indianexpress.com/article/political-pulse/sushmita-dev-interview-sangh-parivar-better-gandhi-parivar-tmc-bjp-10817103/,"Tue, 04 Aug 2026 07:06:08 +0000",,Indian Express Political Pulse,2026-08-11 12:17:42.652285
"Prashant Kishor to Chandra Shekhar Aazad, Asaduddin Owaisi: Importance of lone faces in House",https://indianexpress.com/article/political-pulse/prashant-kishor-chandrashekhar-aazad-asaduddin-owaisi-lone-faces-importance-bihar-assembly-bypoll-10816631/,"Tue, 04 Aug 2026 01:50:06 +0000",,Indian Express Political Pulse,2026-08-11 12:17:42.652285
Why Prashant Kishor’s Bankipur win may force Opposition into a rethink,https://indianexpress.com/article/political-pulse/why-prashant-kishors-bankipur-win-may-force-opposition-into-a-rethink-10816635/,"Tue, 04 Aug 2026 01:49:49 +0000",,Indian Express Political Pulse,2026-08-11 12:17:42.652285
Why BJP lost Madhya Pradesh bypoll: The shadow of Narottam Mishra,https://indianexpress.com/article/political-pulse/why-bjp-lost-madhya-pradesh-datia-bypoll-the-shadow-of-narottam-mishra-10816626/,"Tue, 04 Aug 2026 01:46:36 +0000",,Indian Express Political Pulse,2026-08-11 12:17:42.652285
"After Bankipur loss, what next for BJP?",https://indianexpress.com/article/political-pulse/bankipur-bypoll-loss-rashant-kishor-what-next-for-bjp-10816641/,"Tue, 04 Aug 2026 00:46:51 +0000",,Indian Express Political Pulse,2026-08-11 12:17:42.652285
PK’s Bankipur win has message for BJP: Core voter base can change its mind,https://indianexpress.com/article/political-pulse/bjp-bypoll-defeat-bankipur-datia-message-from-within-and-allies-core-base-can-change-its-mind-10816638/,"Tue, 04 Aug 2026 00:10:00 +0000",,Indian Express Political Pulse,2026-08-11 12:17:42.652285
‘Can’t accommodate all’: DK Shivakumar on grumbling over cabinet expansion,https://indianexpress.com/article/political-pulse/karnataka-congress-cabinet-expansion-dk-shivakumar-mlas-resign-10816134/,"Mon, 03 Aug 2026 11:29:14 +0000",,Indian Express Political Pulse,2026-08-11 12:17:42.652285
"Why bypoll results are bad news for BJP, but not good news for Opposition",https://indianexpress.com/article/political-pulse/why-bypoll-results-are-bad-news-for-bjp-but-not-good-news-for-opposition-10815955/,"Mon, 03 Aug 2026 10:05:39 +0000",,Indian Express Political Pulse,2026-08-11 12:17:42.652285
5 reasons why Prashant Kishor thumped BJP in Bankipur,https://indianexpress.com/article/political-pulse/five-key-factors-why-prashant-kishor-trumped-bjp-in-bankipur-10815932/,"Mon, 03 Aug 2026 09:27:04 +0000",,Indian Express Political Pulse,2026-08-11 12:17:42.652285
Datia bypoll: How a divided Congress got better of BJP in prestige battle,https://indianexpress.com/article/political-pulse/datia-bypoll-why-a-divided-congress-has-raced-ahead-of-bjp-in-prestige-battle-10815878/,"Mon, 03 Aug 2026 09:05:59 +0000",,Indian Express Political Pulse,2026-08-11 12:17:42.652285
Manjalpur bypoll: BJP’s outsider gamble keeps Gujarat urban bastion intact,https://indianexpress.com/article/political-pulse/manjalpur-bypoll-bjps-outsider-gamble-keeps-gujarat-urban-bastion-intact-10815678/,"Mon, 03 Aug 2026 08:17:20 +0000",,Indian Express Political Pulse,2026-08-11 12:17:42.652285
"Shivakumar expands Cabinet, a look at his 19 new ministers",https://indianexpress.com/article/political-pulse/karnataka-cabinet-expansion-congress-20-new-ministers-swearing-in-10815740/,"Mon, 03 Aug 2026 07:46:13 +0000",,Indian Express Political Pulse,2026-08-11 12:17:42.652285
Battle for Bankipur: PK eyes upset on new BJP chief’s turf,https://indianexpress.com/article/political-pulse/prashant-kishor-bankipur-bypoll-bihar-jan-suraaj-bjp-10815737/,"Mon, 03 Aug 2026 07:42:04 +0000",,Indian Express Political Pulse,2026-08-11 12:17:42.652285
"In Prashant Kishor’s first election, real battle played out behind the scenes",https://indianexpress.com/article/political-pulse/in-prashant-kishors-first-election-real-battle-played-out-behind-the-scenes-10814846/,"Sun, 02 Aug 2026 13:34:14 +0000",,Indian Express Political Pulse,2026-08-11 12:17:42.652285
"After Cauvery outreach, Vijay’s minister targets Karnataka CM: ‘He listens only to Stalin’",https://indianexpress.com/article/political-pulse/cauvery-dispute-tamil-nadu-karnataka-vijay-dk-shivakumar-nirmalkumar-stalin-tvk-dmk-congress-10814750/,"Sun, 02 Aug 2026 12:03:58 +0000",,Indian Express Political Pulse,2026-08-11 12:17:42.652285
"As Assembly polls approach, protests pile up in Punjab",https://indianexpress.com/article/political-pulse/as-assembly-polls-approach-protests-pile-up-in-punjab-10814541/,"Sun, 02 Aug 2026 08:33:12 +0000",,Indian Express Political Pulse,2026-08-11 12:17:42.652285
"‘Those taking over parks, land think people cannot fight the mighty… Even Army came to us for help’: HYDRAA chief",https://indianexpress.com/article/political-pulse/those-taking-over-parks-land-think-people-cannot-fight-the-mighty-even-army-came-to-us-for-help-hydraa-chief-10813944/,"Sun, 02 Aug 2026 01:47:53 +0000",,Indian Express Political Pulse,2026-08-11 12:17:42.652285
"How Gujarat government withdrew cases against Hardik Patel, Patidar protesters",https://indianexpress.com/article/political-pulse/how-gujarat-government-withdrew-cases-against-hardik-patel-patidar-protesters-10813947/,"Sun, 02 Aug 2026 01:30:58 +0000",,Indian Express Political Pulse,2026-08-11 12:17:42.652285
PM SHRI déjà vu in Kerala: Congress blinks after IUML pushback,https://indianexpress.com/article/political-pulse/ldf-to-udf-deja-vu-for-pm-shri-as-congress-blinks-after-iuml-pushback-10813946/,"Sun, 02 Aug 2026 01:15:56 +0000",,Indian Express Political Pulse,2026-08-11 12:17:42.652285
"‘Kolkata homecoming is return to my life’s lost chapter,’ says Taslima Nasrin; Suvendu pledges security",https://indianexpress.com/article/political-pulse/kolkata-homecoming-is-return-to-my-lifes-lost-chapter-says-taslima-nasrin-suvendu-pledges-security-10813945/,"Sun, 02 Aug 2026 01:10:54 +0000",,Indian Express Political Pulse,2026-08-11 12:17:42.652285
"Punjab Congress fight turns ugly, Warring and Channi supporters in free-for-all",https://indianexpress.com/article/political-pulse/punjab-congress-clash-raja-warring-charanjit-singh-channi-sangrur-patiala-10813803/,"Sat, 01 Aug 2026 14:46:15 +0000",,Indian Express Political Pulse,2026-08-11 12:17:42.652285
When CMs arrive before engineers: What went wrong with Vijay’s Cauvery outreach,https://indianexpress.com/article/political-pulse/vijay-cauvery-talks-karnataka-stalin-shivakumar-explained-10813707/,"Sat, 01 Aug 2026 12:45:21 +0000",,Indian Express Political Pulse,2026-08-11 12:17:42.652285
Sentenced to life for IB man’s murder during Delhi riots: Who is ex-AAP face Tahir Hussain?,https://indianexpress.com/article/political-pulse/sentenced-to-life-ib-murder-delhi-riots-ex-aap-face-tahir-hussain-10813469/,"Sat, 01 Aug 2026 09:21:12 +0000",,Indian Express Political Pulse,2026-08-11 12:17:42.652285
"Owaisi’s twin-track UP strategy: Target Samajwadi Party, but keep alliance doors open",https://indianexpress.com/article/political-pulse/asaduddin-owaisi-twin-track-uttar-pradesh-strategy-samajwadi-party-alliance-10813424/,"Sat, 01 Aug 2026 08:40:27 +0000",,Indian Express Political Pulse,2026-08-11 12:17:42.652285
"Day after Supreme Court rap, Bihar BJP MLC vacates seat for RLM Minister Deepak Prakash",https://indianexpress.com/article/political-pulse/day-after-supreme-court-rap-bihar-bjp-mlc-vacates-seat-for-rlm-minister-deepak-prakash-10812786/,"Sat, 01 Aug 2026 01:37:15 +0000",,Indian Express Political Pulse,2026-08-11 12:17:42.652285
"The man who turned stones to gold: Tulu Mondal, latest TMC supporter in BJP crosshairs",https://indianexpress.com/article/political-pulse/man-turn-stones-gold-tulu-mondal-tmc-supporter-bjp-crosshairs-10812792/,"Sat, 01 Aug 2026 01:31:00 +0000",,Indian Express Political Pulse,2026-08-11 12:17:42.652285
"Why Punjab, Haryana and Himachal face a test beyond paper leaks",https://indianexpress.com/article/political-pulse/exam-leaks-education-revolution-states-task-cut-out-punjab-himachal-pradesh-10812783/,"Sat, 01 Aug 2026 01:30:27 +0000",,Indian Express Political Pulse,2026-08-11 12:17:42.652285
Supreme Court stay on Balaji arrest puts Vijay’s anti-corruption drive to its first legal test,https://indianexpress.com/article/political-pulse/supreme-court-stay-on-balaji-arrest-puts-vijays-anti-corruption-drive-to-its-first-legal-test-10812789/,"Sat, 01 Aug 2026 01:23:20 +0000",,Indian Express Political Pulse,2026-08-11 12:17:42.652285
Goa CM defends police questioning over ‘Free Umar Khalid’ placard,https://indianexpress.com/article/political-pulse/pramod-sawant-neet-protest-activists-goa-police-comments-10812345/,"Fri, 31 Jul 2026 13:13:31 +0000",,Indian Express Political Pulse,2026-08-11 12:17:42.652285
The outreach to Dipke: How the two Senas played CJP agitation differently,https://indianexpress.com/article/political-pulse/the-outreach-to-dipke-how-the-two-senas-played-cjp-agitation-differently-10812276/,"Fri, 31 Jul 2026 12:30:13 +0000",,Indian Express Political Pulse,2026-08-11 12:17:42.652285
A Pappu Yadav skit on Ram Temple donation theft — with Rahul Gandhi cameo,https://indianexpress.com/article/political-pulse/a-pappu-yadav-skit-on-ram-temple-donation-theft-with-rahul-gandhi-cameo-10811865/,"Fri, 31 Jul 2026 08:36:05 +0000",,Indian Express Political Pulse,2026-08-11 12:17:42.652285
Centre slows down legislative push as Opposition disruptions continue,https://indianexpress.com/article/political-pulse/parliament-logjam-centre-delays-key-bills-opposition-congress-bjp-student-protest-10811199/,"Fri, 31 Jul 2026 01:50:46 +0000",,Indian Express Political Pulse,2026-08-11 12:17:42.652285
Gen Z caught the BJP off guard. Can the Opposition make it count?,https://indianexpress.com/article/political-pulse/gen-z-cjp-protests-bjp-opposition-education-reforms-10811164/,"Fri, 31 Jul 2026 01:45:11 +0000",,Indian Express Political Pulse,2026-08-11 12:17:42.652285
Faultlines exposed: Rajasthan Congress chief ‘branding’ barb at Ashok Gehlot,https://indianexpress.com/article/political-pulse/rajasthan-congress-infighting-govind-singh-dotasra-ashok-gehlot-10811209/,"Fri, 31 Jul 2026 01:43:57 +0000",,Indian Express Political Pulse,2026-08-11 12:17:42.652285
"Same photos, many claims: Audit shows how Bengal cyclone relief was stolen",https://indianexpress.com/article/political-pulse/cag-flags-cyclone-amphan-2020-relief-irregularities-tmc-west-bengal-10811195/,"Thu, 30 Jul 2026 23:30:58 +0000",,Indian Express Political Pulse,2026-08-11 12:17:42.652285
Bankipur votes in critical bypoll: Can Prashant Kishor flip BJP bastion?,https://indianexpress.com/article/political-pulse/bankipur-votes-in-critical-bypoll-can-prashant-kishor-flip-bjp-bastion-10811000/,"Thu, 30 Jul 2026 16:02:36 +0000",,Indian Express Political Pulse,2026-08-11 12:17:42.652285
"One viral reel at a time, how Vijay resonated with Gen Z at Jantar Mantar",https://indianexpress.com/article/political-pulse/one-viral-reel-at-a-time-how-vijay-resonated-with-gen-z-at-jantar-mantar-10810514/,"Thu, 30 Jul 2026 11:00:22 +0000",,Indian Express Political Pulse,2026-08-11 12:17:42.652285
"A Priyanka Gandhi-Kalyan Banerjee banter, and a Congress-TMC throwback",https://indianexpress.com/article/political-pulse/a-priyanka-gandhi-kalyan-banerjee-banter-and-a-congress-tmc-throwback-10810485/,"Thu, 30 Jul 2026 10:48:19 +0000",,Indian Express Political Pulse,2026-08-11 12:17:42.652285
The Gen Z link to BSP’s plans for relaunching Mayawati’s nephew,https://indianexpress.com/article/political-pulse/the-gen-z-link-to-bsps-plans-to-relaunch-akash-anand-10810336/,"Thu, 30 Jul 2026 09:15:53 +0000",,Indian Express Political Pulse,2026-08-11 12:17:42.652285
"Congress MP Charanjit Singh Channi skips Rahul Gandhi parliament speech, attends party rally",https://indianexpress.com/article/political-pulse/charanjit-singh-channi-skips-rahul-gandhi-lok-sabha-speech-attends-party-rally-in-faridkot-instead-10809643/,"Thu, 30 Jul 2026 01:45:47 +0000",,Indian Express Political Pulse,2026-08-11 12:17:42.652285
"As farmers protest in Madhya Pradesh, CM Mohan Yadav gets Centre pushback",https://indianexpress.com/article/political-pulse/madhya-pradesh-farmers-protest-moong-procurement-shivraj-chouhan-mohan-yadav-10809609/,"Thu, 30 Jul 2026 01:45:37 +0000",,Indian Express Political Pulse,2026-08-11 12:17:42.652285
"Tougher exam leak Bill clears Lok Sabha, Rahul Gandhi raises police crackdown",https://indianexpress.com/article/political-pulse/exam-leak-law-clears-lok-sabha-showdown-comments-deleted-rahul-gandhi-lok-sabha-10809375/,"Wed, 29 Jul 2026 15:40:13 +0000",,Indian Express Political Pulse,2026-08-11 12:17:42.652285
"Rahul Gandhi targets Amit Shah over police action on students, government hits back",https://indianexpress.com/article/political-pulse/rahul-gandhi-targets-amit-shah-over-police-action-on-students-govt-hits-back-10808799/,"Wed, 29 Jul 2026 09:25:00 +0000",,Indian Express Political Pulse,2026-08-11 12:17:42.652285
Numbers to hospitals empanelled: CAG flags breaches in TMC government insurance scheme,https://indianexpress.com/article/political-pulse/cag-audit-west-bengal-swasthya-sathi-scheme-tmc-10808047/,"Wed, 29 Jul 2026 01:45:20 +0000",,Indian Express Political Pulse,2026-08-11 12:17:42.652285
"‘PM must change angle of his heart, not of cameras’: Priyanka Gandhi slams action on protesters",https://indianexpress.com/article/political-pulse/priyanka-gandhi-anti-paper-leak-bill-lok-sabha-debate-cjp-protest-10808089/,"Tue, 28 Jul 2026 23:50:25 +0000",,Indian Express Political Pulse,2026-08-11 12:17:42.652285
"CJP warns of fresh protest if cases continue; Maharashtra, Bengal say ‘no coercive action’",https://indianexpress.com/article/political-pulse/cjp-warns-of-fresh-protest-if-cases-continue-maharashtra-bengal-say-no-coercive-action-10808061/,"Tue, 28 Jul 2026 23:50:02 +0000",,Indian Express Political Pulse,2026-08-11 12:17:42.652285
"Rahul targets Pralhad Joshi outside House; he must ‘learn to respect elders’, says BJP",https://indianexpress.com/article/political-pulse/defender-rapists-filthiest-man-rahul-gandhi-priyanka-gandhi-pralhad-joshi-bilkis-bano-10807790/,"Tue, 28 Jul 2026 14:44:26 +0000",,Indian Express Political Pulse,2026-08-11 12:17:42.652285
"Amid SIR, another Congress government eases paper trail: Telangana rolls out Family Register Certificate",https://indianexpress.com/article/political-pulse/amid-sir-another-cong-govt-eases-paper-trail-telangana-rolls-out-family-register-certificate-10807778/,"Tue, 28 Jul 2026 14:34:32 +0000",,Indian Express Political Pulse,2026-08-11 12:17:42.652285
Akhilesh Yadav tears into BJP: ‘Removed Pradhan to save Pradhan Mantri’,https://indianexpress.com/article/political-pulse/akhilesh-yadav-lok-sabha-paper-leak-bill-ayodhya-temple-donation-theft-10807550/,"Tue, 28 Jul 2026 12:07:59 +0000",,Indian Express Political Pulse,2026-08-11 12:17:42.652285
"From the Urdu Press: ‘Gen Z stir historic, gives a shot in arm to Constitution, unites the country’",https://indianexpress.com/article/political-pulse/from-the-urdu-press-gen-z-stir-historic-gives-a-shot-in-arm-to-constitution-unites-the-country-10807519/,"Tue, 28 Jul 2026 12:01:43 +0000",,Indian Express Political Pulse,2026-08-11 12:17:42.652285
Government assessing how to deal with protesters who indulged in violence,https://indianexpress.com/article/political-pulse/no-promise-was-made-to-spare-violent-protesters-govt-sources-counter-cjp-10807411/,"Tue, 28 Jul 2026 11:06:42 +0000",,Indian Express Political Pulse,2026-08-11 12:17:42.652285
"2 big reasons why Left thinks it lost Kerala: Vijayan, ‘soft’ Hindutva",https://indianexpress.com/article/political-pulse/focus-vijayan-soft-hindutva-impression-yogi-message-cpm-kerala-election-loss-10806905/,"Tue, 28 Jul 2026 07:11:22 +0000",,Indian Express Political Pulse,2026-08-11 12:17:42.652285
"Dharmendra Pradhan exit sparks calls for Odisha, Chhattisgarh ministers to resign",https://indianexpress.com/article/political-pulse/dharmendra-pradhan-exit-sparks-calls-for-odisha-chhattisgarh-ministers-to-resign-10806394/,"Tue, 28 Jul 2026 02:02:21 +0000",,Indian Express Political Pulse,2026-08-11 12:17:42.652285
"After Dharmendra Pradhan’s exit, why AAP’s Punjab education minister is under fire",https://indianexpress.com/article/political-pulse/punjab-paper-leak-row-harjot-singh-bains-manish-sisodia-challenge-backfires-10806386/,"Tue, 28 Jul 2026 01:45:29 +0000",,Indian Express Political Pulse,2026-08-11 12:17:42.652285
"Bihar constable suspended over use of AK-47; detained protesters to be freed, FIRs withdrawn",https://indianexpress.com/article/political-pulse/bihar-student-protest-ak47-fir-withdrawal-neet-protesters-cjp-10806379/,"Mon, 27 Jul 2026 23:43:09 +0000",,Indian Express Political Pulse,2026-08-11 12:17:42.652285
"Bihar, Assam to release NEET protesters; no order yet from West Bengal",https://indianexpress.com/article/political-pulse/bihar-assam-to-release-neet-protesters-no-order-yet-from-west-bengal-10806390/,"Mon, 27 Jul 2026 23:36:13 +0000",,Indian Express Political Pulse,2026-08-11 12:17:42.652285
"Before Dharmendra Pradhan quit, Centre offered to change his ministry; CJP said no",https://indianexpress.com/article/political-pulse/before-dharmendra-pradhan-quit-centre-offered-to-change-his-portfolio-cjp-said-no-10806375/,"Mon, 27 Jul 2026 23:35:25 +0000",,Indian Express Political Pulse,2026-08-11 12:17:42.652285
"Unlike his predecessors, why Vijay wants to discuss Cauvery with Karnataka",https://indianexpress.com/article/political-pulse/unlike-his-predecessors-why-vijay-wants-to-discuss-cauvery-with-karnataka-10805771/,"Mon, 27 Jul 2026 10:54:40 +0000",,Indian Express Political Pulse,2026-08-11 12:17:42.652285
"‘Zindabad’ to jeers, Dharmendra Pradhan’s day in Parliament after resignation",https://indianexpress.com/article/political-pulse/zindabad-to-jeers-dharmendra-pradhans-day-in-parliament-after-resignation-10805671/,"Mon, 27 Jul 2026 10:05:36 +0000",,Indian Express Political Pulse,2026-08-11 12:17:42.652285
Why BJP is investing 7 months in a Sant Ravidas outreach before 2027 polls,https://indianexpress.com/article/political-pulse/bjp-sant-ravidas-yatra-dalit-outreach-up-punjab-2027-polls-yogi-adityanath-nitin-nabin-10805250/,"Mon, 27 Jul 2026 05:51:37 +0000",,Indian Express Political Pulse,2026-08-11 12:17:42.652285
"As BJP faced student ire, why allies Sena, NCP remained on the sidelines",https://indianexpress.com/article/political-pulse/maharashtra-bjp-allies-shiv-sena-ncp-cjp-student-protests-10804856/,"Mon, 27 Jul 2026 02:00:46 +0000",,Indian Express Political Pulse,2026-08-11 12:17:42.652285
AISA national president Neha: ‘We’d exhausted all options; we thought let’s explore hunger strike too’,https://indianexpress.com/article/political-pulse/aisa-neha-hunger-strike-jantar-mantar-dharmendra-pradhan-resignation-cjp-protest-10804842/,"Mon, 27 Jul 2026 01:49:29 +0000",,Indian Express Political Pulse,2026-08-11 12:17:42.652285
‘My way or the highway’: How Parth Pawar took over NCP in six months,https://indianexpress.com/article/political-pulse/inside-parth-pawars-ncp-how-ajits-son-now-runs-the-party-he-was-kept-away-from-10804951/,"Mon, 27 Jul 2026 01:30:37 +0000",,Indian Express Political Pulse,2026-08-11 12:17:42.652285
"Setback in Delhi, not Odisha: Why Dharmendra Pradhan remains undiminished in state",https://indianexpress.com/article/political-pulse/dharmendra-pradhan-resignation-odisha-bjp-politics-cjp-protest-neet-paper-leak-10804839/,"Mon, 27 Jul 2026 00:53:34 +0000",,Indian Express Political Pulse,2026-08-11 12:17:42.652285
"Leaders of BJP, Assam ally face Gen Z dissent at home as daughters speak up",https://indianexpress.com/article/political-pulse/gen-z-dissent-bjp-cjp-neet-protests-dharmendra-pradhan-resignation-10804849/,"Mon, 27 Jul 2026 00:48:17 +0000",,Indian Express Political Pulse,2026-08-11 12:17:42.652285
"Protests over, Modi resets agenda: Exam reforms first, delimitation next",https://indianexpress.com/article/political-pulse/pm-modi-announces-nandan-nilekani-task-force-exam-reforms-anti-paper-leak-bill-10804705/,"Sun, 26 Jul 2026 15:43:08 +0000",,Indian Express Political Pulse,2026-08-11 12:17:42.652285
Amit Shah is Opposition’s next target in Parliament after Pradhan exit,https://indianexpress.com/article/political-pulse/with-pradhan-out-opposition-prepares-parliament-offensive-against-amit-shah-10804618/,"Sun, 26 Jul 2026 13:59:18 +0000",,Indian Express Political Pulse,2026-08-11 12:17:42.652285
The crisis manager: Why BJP turned to Pralhad Joshi after Pradhan’s exit,https://indianexpress.com/article/political-pulse/the-crisis-manager-why-bjp-turned-to-pralhad-joshi-after-pradhans-exit-10804430/,"Sun, 26 Jul 2026 10:18:25 +0000",,Indian Express Political Pulse,2026-08-11 12:17:42.652285
Worry in UP BJP over student protests as pitch grows for damage control before 2027,https://indianexpress.com/article/political-pulse/worry-in-up-bjp-over-student-protests-as-pitch-grows-for-damage-control-before-2027-10803734/,"Sun, 26 Jul 2026 01:37:37 +0000",,Indian Express Political Pulse,2026-08-11 12:17:42.652285
"S Ramadoss quits politics, ending era that reshaped Tamil Nadu’s reservation debate",https://indianexpress.com/article/political-pulse/ramadoss-politics-tamil-nadu-reservation-debate-caste-politics-10803704/,"Sun, 26 Jul 2026 00:58:41 +0000",,Indian Express Political Pulse,2026-08-11 12:17:42.652285
"Dharmendra Pradhan’s exit: What changed in 48 hours? Concerns over Parliament washout, larger stir",https://indianexpress.com/article/political-pulse/dharmendra-pradhans-exit-what-changed-in-48-hours-concerns-over-house-washout-larger-protests-10803739/,"Sat, 25 Jul 2026 23:15:15 +0000",,Indian Express Political Pulse,2026-08-11 12:17:42.652285
"Buoyed by Pradhan’s exit, Oppn hails ‘youth power’, democracy; may end Parliament siege",https://indianexpress.com/article/political-pulse/dharmendra-pradhan-resignation-india-bloc-parliament-education-reforms-10803554/,"Sat, 25 Jul 2026 14:58:44 +0000",,Indian Express Political Pulse,2026-08-11 12:17:42.652285
K C Venugopal: ‘Congress not joining CJP protests from the start turned it into genuine struggle’,https://indianexpress.com/article/political-pulse/k-c-venugopal-pradhan-resignation-victory-youth-students-rahul-gandhi-oppn-10803517/,"Sat, 25 Jul 2026 13:52:50 +0000",,Indian Express Political Pulse,2026-08-11 12:17:42.652285
"NRC, farm laws to Pradhan exit: The three times Modi government has retreated",https://indianexpress.com/article/political-pulse/nrc-farm-laws-to-pradhan-exit-the-three-times-modi-government-has-retreated-10803324/,"Sat, 25 Jul 2026 11:04:26 +0000",,Indian Express Political Pulse,2026-08-11 12:17:42.652285
The rise and fall of Dharmendra Pradhan: BJP’s trusted organiser undone by NEET leak,https://indianexpress.com/article/political-pulse/rise-and-fall-dharmendra-pradhan-bjp-trusted-organiser-undone-neet-leak-10803280/,"Sat, 25 Jul 2026 10:31:40 +0000",,Indian Express Political Pulse,2026-08-11 12:17:42.652285
"In eye of NEET storm, how Dharmendra Pradhan led a student stir over paper leak in 1996",https://indianexpress.com/article/political-pulse/neet-protests-how-dharmendra-pradhan-led-student-stir-paper-leak-1996-10803100/,"Sat, 25 Jul 2026 08:40:07 +0000",,Indian Express Political Pulse,2026-08-11 12:17:42.652285
"Punjab AAP hits reset in seats before 2027 elections, sparks ticket struggle",https://indianexpress.com/article/political-pulse/punjab-aap-hits-reset-in-seats-before-2027-elections-sparks-ticket-struggle-10803021/,"Sat, 25 Jul 2026 07:25:09 +0000",,Indian Express Political Pulse,2026-08-11 12:17:42.652285
"Amid Centre push to penalise Vande Mataram ‘insult’, 1,102 arrests, 60 convictions since 2014",https://indianexpress.com/article/political-pulse/amid-centre-push-to-penalise-vande-mataram-insult-1102-arrests-60-convictions-since-2014-10802405/,"Sat, 25 Jul 2026 04:30:42 +0000",,Indian Express Political Pulse,2026-08-11 12:17:42.652285
Why Haryana CM Nayab Saini is BJP’s biggest campaign asset in Punjab,https://indianexpress.com/article/political-pulse/why-haryana-cm-nayab-saini-is-bjps-biggest-campaign-asset-in-punjab-10802430/,"Sat, 25 Jul 2026 02:30:32 +0000",,Indian Express Political Pulse,2026-08-11 12:17:42.652285
"Now Bengal: Prayers outside ancient mosque, BJP leader plans Shiva Lingam to strengthen ‘temple’ claim",https://indianexpress.com/article/political-pulse/now-bengal-prayers-outside-ancient-mosque-bjp-leader-plans-shiva-lingam-to-strengthen-temple-claim-10802422/,"Sat, 25 Jul 2026 01:30:49 +0000",,Indian Express Political Pulse,2026-08-11 12:17:42.652285
How Parliament passed 2024 anti-paper leak Act: Invoking Kota girl suicide to bipartisan support,https://indianexpress.com/article/political-pulse/how-parliament-passed-2024-anti-paper-leak-act-invoking-kota-girl-suicide-to-bipartisan-support-10802427/,"Sat, 25 Jul 2026 01:15:38 +0000",,Indian Express Political Pulse,2026-08-11 12:17:42.652285
The Pradhan impasse: Why Centre is not ready to blink as CJP deadline looms,https://indianexpress.com/article/political-pulse/the-pradhan-impasse-why-centre-is-not-ready-to-blink-as-cjp-deadline-looms-10802459/,"Fri, 24 Jul 2026 23:00:38 +0000",,Indian Express Political Pulse,2026-08-11 12:17:42.652285
How Sonam Wangchuk was persuaded to end fast,https://indianexpress.com/article/political-pulse/sonam-wangchuk-ends-fast-government-assurance-talks-10801849/,"Fri, 24 Jul 2026 11:45:02 +0000",,Indian Express Political Pulse,2026-08-11 12:17:42.652285
"‘Laapata’ Tejashwi? Jantar Mantar echo in Bihar, but RJD leader missing in action",https://indianexpress.com/article/political-pulse/laapata-tejashwi-yadav-jantar-mantar-bihar-rjd-leader-missing-action-10801599/,"Fri, 24 Jul 2026 09:17:47 +0000",,Indian Express Political Pulse,2026-08-11 12:17:42.652285
Differences between Sonam Wangchuk and CJP? Saurav Das answers big question,https://indianexpress.com/article/political-pulse/differences-between-sonam-wangchuk-and-cjp-saurav-das-answers-big-question-10801534/,"Fri, 24 Jul 2026 08:29:42 +0000",,Indian Express Political Pulse,2026-08-11 12:17:42.652285
"Azad: ‘Centre could have agreed to 60-70% of protesters’ demands, averted this impasse’",https://indianexpress.com/article/political-pulse/chandrashekhar-azad-protest-opposition-students-cjp-sonam-wangchuk-10801284/,"Fri, 24 Jul 2026 06:19:35 +0000",,Indian Express Political Pulse,2026-08-11 12:17:42.652285
‘Not just an MP now… but a leader’: Dimple Yadav’s moment at Jantar Mantar,https://indianexpress.com/article/political-pulse/dimple-yadav-jantar-mantar-cjp-protest-delhi-police-lathichage-neet-paper-leak-10800803/,"Fri, 24 Jul 2026 01:45:52 +0000",,Indian Express Political Pulse,2026-08-11 12:17:42.652285
‘Enough of caste’: BJP faces the Prashant Kishor test in fortress Bankipur,https://indianexpress.com/article/political-pulse/enough-of-caste-bjp-faces-the-prashant-kishor-test-in-fortress-bankipur-10800773/,"Fri, 24 Jul 2026 01:35:27 +0000",,Indian Express Political Pulse,2026-08-11 12:17:42.652285
"As BJP faces heat over paper leak protests, where allies TDP, JD(U) stand",https://indianexpress.com/article/political-pulse/neet-protests-tdp-jdu-cautious-stance-nda-bjp-allies-10800601/,"Thu, 23 Jul 2026 15:30:31 +0000",,Indian Express Political Pulse,2026-08-11 12:17:42.652285
"Born before Independence, UP’s oldest MLA Alam Badi Azmi dies at 90",https://indianexpress.com/article/political-pulse/alam-badi-azmi-dies-up-oldest-serving-mla-sp-veteran-obituary-10800125/,"Thu, 23 Jul 2026 10:43:09 +0000",,Indian Express Political Pulse,2026-08-11 12:17:42.652285
Why BJP government turned to JP Nadda as CJP protests gathered pace,https://indianexpress.com/article/political-pulse/why-bjp-government-chose-jp-nadda-cjp-protests-10799888/,"Thu, 23 Jul 2026 08:33:41 +0000",,Indian Express Political Pulse,2026-08-11 12:17:42.652285
"As Jantar Mantar protest continues, why the government needs to heed its message",https://indianexpress.com/article/political-pulse/cjp-protests-jantar-mantar-sonam-wangchuk-modi-government-analysis-10799501/,"Thu, 23 Jul 2026 04:51:09 +0000",,Indian Express Political Pulse,2026-08-11 12:17:42.652285
"Gandhi to Sonam Wangchuk, the enduring power of the ‘renouncer’ in Indian politics",https://indianexpress.com/article/political-pulse/onam-wangchuk-fast-dharmendra-pradhanaustere-crusader-10799239/,"Thu, 23 Jul 2026 01:00:09 +0000",,Indian Express Political Pulse,2026-08-11 12:17:42.652285
CJP protest: Sonam Wangchuk opens a window for talks as Government steps up efforts to resolve crisis,https://indianexpress.com/article/political-pulse/sonam-wangchuk-neet-cjp-protests-talks-government-compensation-dharmendra-pradhan-resignation-10799236/,"Wed, 22 Jul 2026 23:46:48 +0000",,Indian Express Political Pulse,2026-08-11 12:17:42.652285
"After ‘Jai Maa Kali’, maach-bhaat planks in polls, why BJP steps up Bengali push",https://indianexpress.com/article/political-pulse/jai-maa-kali-maach-bhaat-planks-polls-bjp-bengali-push-10798666/,"Wed, 22 Jul 2026 12:44:27 +0000",,Indian Express Political Pulse,2026-08-11 12:17:42.652285
Modi’s birthday message to Fadnavis carries a bigger signal: He’s staying in Maharashtra,https://indianexpress.com/article/political-pulse/modis-birthday-message-to-fadnavis-carries-a-bigger-signal-hes-staying-in-maharashtra-10798417/,"Wed, 22 Jul 2026 10:53:17 +0000",,Indian Express Political Pulse,2026-08-11 12:17:42.652285
"Why the Badals, Akali Dal can’t escape Jaswant Singh Khalra even after 3 decades",https://indianexpress.com/article/political-pulse/why-akali-dal-is-facing-questions-over-jaswant-singh-khalra-after-3-decades-10798006/,"Wed, 22 Jul 2026 07:37:12 +0000",,Indian Express Political Pulse,2026-08-11 12:17:42.652285
"Punjab Governor Kataria: ‘Drug trafficking cannot flourish without police, administration connivance’",https://indianexpress.com/article/political-pulse/punjab-governor-kataria-drug-trafficking-cannot-flourish-without-police-administration-connivance-10797409/,"Wed, 22 Jul 2026 01:58:00 +0000",,Indian Express Political Pulse,2026-08-11 12:17:42.652285
"Unease in BJP, allies over crackdown on protesters as government signals outreach",https://indianexpress.com/article/political-pulse/unease-in-bjp-allies-over-crackdown-on-protesters-as-government-signals-outreach-10797406/,"Wed, 22 Jul 2026 01:38:38 +0000",,Indian Express Political Pulse,2026-08-11 12:17:42.652285
How Modi faces his first broad-based protest ever — not one by specific interest groups,https://indianexpress.com/article/political-pulse/how-modi-faces-his-first-broad-based-protest-ever-not-one-by-specific-interest-groups-10797401/,"Wed, 22 Jul 2026 00:51:02 +0000",,Indian Express Political Pulse,2026-08-11 12:17:42.652285
"Census: Six months to go, government explores how to count caste",https://indianexpress.com/article/political-pulse/census-six-months-to-go-govt-explores-how-to-count-caste-10797398/,"Wed, 22 Jul 2026 00:00:02 +0000",,Indian Express Political Pulse,2026-08-11 12:17:42.652285
Why Rahul Gandhi took the paper leak fight to PM’s doorstep,https://indianexpress.com/article/political-pulse/neet-protest-congress-rahul-gandhi-pm-modi-residence-detention-10797204/,"Tue, 21 Jul 2026 15:11:11 +0000",,Indian Express Political Pulse,2026-08-11 12:17:42.652285
"Martyrs’ Day revelations: Mamata remains crowd puller, ‘rebel TMC’ unimpressive, Congress springs surprise",https://indianexpress.com/article/political-pulse/martyrs-day-revelations-mamata-remains-crowd-puller-rebel-tmc-unimpressive-congress-springs-surprise-10797136/,"Tue, 21 Jul 2026 14:13:10 +0000",,Indian Express Political Pulse,2026-08-11 12:17:42.652285
"From the Urdu Press: ‘Modi govt must reach out to angry youth protesters, restore their trust’",https://indianexpress.com/article/political-pulse/from-the-urdu-press-modi-govt-must-reach-out-to-angry-youth-protesters-restore-their-trust-10796859/,"Tue, 21 Jul 2026 12:15:54 +0000",,Indian Express Political Pulse,2026-08-11 12:17:42.652285
"Why Satheesan govt stand on Waqf Board has left IUML, Muslim bodies fuming",https://indianexpress.com/article/political-pulse/why-satheesan-govt-stand-on-waqf-board-has-left-iuml-muslim-bodies-fuming-10796838/,"Tue, 21 Jul 2026 11:31:58 +0000",,Indian Express Political Pulse,2026-08-11 12:17:42.652285
"From Yogi to Akhilesh, why every UP player is chasing the Dalit vote",https://indianexpress.com/article/political-pulse/yogi-to-akhilesh-mayawati-to-aazad-how-key-up-players-step-up-dalit-outreach-for-2027-polls-10796414/,"Tue, 21 Jul 2026 08:05:04 +0000",,Indian Express Political Pulse,2026-08-11 12:17:42.652285
Gaurav Gogoi interview: ‘Why is PM Modi unwilling to change education minister?’,https://indianexpress.com/article/political-pulse/gaurav-gogoi-interview-why-is-pm-modi-unwilling-to-change-education-minister-10795751/,"Tue, 21 Jul 2026 02:00:23 +0000",,Indian Express Political Pulse,2026-08-11 12:17:42.652285
Shiv Sena MPs merger: How Speaker Om Birla’s decision changes NDA politics,https://indianexpress.com/article/political-pulse/shiv-sena-mps-merger-how-speaker-om-birlas-decision-changes-nda-politics-10795697/,"Tue, 21 Jul 2026 01:45:42 +0000",,Indian Express Political Pulse,2026-08-11 12:17:42.652285
"Trinamool split, Opposition faultlines on full display as Lok Sabha meets",https://indianexpress.com/article/political-pulse/cjp-protest-outside-a-new-lok-sabha-on-display-mirrors-tmc-split-opposition-faultlines-10795702/,"Tue, 21 Jul 2026 01:45:29 +0000",,Indian Express Political Pulse,2026-08-11 12:17:42.652285
‘Organic anger’: Opposition finds a rare opening to corner Modi government,https://indianexpress.com/article/political-pulse/parliament-monsoon-session-opposition-strategy-neet-paper-leak-cjp-protest-rahul-gandhi-dharmendra-pradhan-10795580/,"Mon, 20 Jul 2026 16:37:56 +0000",,Indian Express Political Pulse,2026-08-11 12:17:42.652285
"Why government is talking to CJP, but stopping short of concessions",https://indianexpress.com/article/political-pulse/jp-nadda-meets-cjp-protesters-parliament-march-neet-dharmendra-pradhan-10795514/,"Mon, 20 Jul 2026 15:08:04 +0000",,Indian Express Political Pulse,2026-08-11 12:17:42.652285
"At Opposition meet, Congress isolated on paper leaks before conceding",https://indianexpress.com/article/political-pulse/at-opposition-meet-congress-isolated-on-paper-leaks-before-conceding-10794957/,"Mon, 20 Jul 2026 08:54:32 +0000",,Indian Express Political Pulse,2026-08-11 12:17:42.652285
Why Punjab’s U-turn on new rural jobs scheme has triggered a political row,https://indianexpress.com/article/political-pulse/why-punjabs-u-turn-on-new-rural-jobs-scheme-has-triggered-a-political-row-10794175/,"Mon, 20 Jul 2026 01:58:26 +0000",,Indian Express Political Pulse,2026-08-11 12:17:42.652285
Manickam Tagore: ‘Delimitation Bill the same … why should Opposition change stand?’,https://indianexpress.com/article/political-pulse/manickam-tagore-interview-delimitation-bill-opposition-parliament-monsoon-session-10794169/,"Mon, 20 Jul 2026 01:45:20 +0000",,Indian Express Political Pulse,2026-08-11 12:17:42.652285
Government set to bring Bill making insult to Vande Mataram a criminal offence,https://indianexpress.com/article/political-pulse/vande-mataram-bill-criminal-offence-national-honour-act-monsoon-session-10794163/,"Mon, 20 Jul 2026 01:45:11 +0000",,Indian Express Political Pulse,2026-08-11 12:17:42.652285
"Let the party begin: With star cast of TMC rebels, NCPI readies for its Parliament debut",https://indianexpress.com/article/political-pulse/let-the-party-begin-with-star-cast-of-tmc-rebels-ncpi-readies-for-its-parliament-debut-10794152/,"Mon, 20 Jul 2026 01:35:32 +0000",,Indian Express Political Pulse,2026-08-11 12:17:42.652285
Why National Conference has expelled Kargil leader ahead of statehood demand stir,https://indianexpress.com/article/political-pulse/national-conference-expels-kargil-lahdc-cec-jaffer-ali-akhoon-bjp-budget-support-10793829/,"Sun, 19 Jul 2026 12:26:38 +0000",,Indian Express Political Pulse,2026-08-11 12:17:42.652285
"Bystanders at Agra Summit, Kashmir leaders say if talks possible then, they are now",https://indianexpress.com/article/political-pulse/agra-summit-kashmir-leaders-10793695/,"Sun, 19 Jul 2026 11:35:06 +0000",,Indian Express Political Pulse,2026-08-11 12:17:42.652285
"Monsoon Session begins today: Paper leaks, Ram Temple top Opposition agenda",https://indianexpress.com/article/political-pulse/parliament-monsoon-session-paper-leaks-ram-temple-opposition-agenda-attack-nda-10793587/,"Sun, 19 Jul 2026 08:35:29 +0000",,Indian Express Political Pulse,2026-08-11 12:17:42.652285
"Two months in, Kerala CM V D Satheesan faces first signs of discontent",https://indianexpress.com/article/political-pulse/two-months-kerala-cm-v-d-satheesan-first-signs-discontent-10793471/,"Sun, 19 Jul 2026 06:55:44 +0000",,Indian Express Political Pulse,2026-08-11 12:17:42.652285
"Before Sonam Wangchuk, a look at iconic fasts: Gandhi, Bhagat Singh to Irom Sharmila",https://indianexpress.com/article/political-pulse/before-sonam-wangchuk-a-look-at-indias-iconic-fasts-gandhi-bhagat-singh-to-sriramulu-irom-sharmila-10792989/,"Sat, 18 Jul 2026 23:32:26 +0000",,Indian Express Political Pulse,2026-08-11 12:17:42.652285
"Opposition unite over Wangchuk before Monsoon Session: ‘Taking him away government arrogance, shameful’",https://indianexpress.com/article/political-pulse/parliament-monsoon-session-opposition-sonam-wangchuk-jantar-mantar-cjp-protest-bj-10792874/,"Sat, 18 Jul 2026 15:52:13 +0000",,Indian Express Political Pulse,2026-08-11 12:17:42.652285
"Mamata out of power, how Martyrs’ Day shapes rebel groups’ battle for TMC legacy",https://indianexpress.com/article/political-pulse/west-bengal-tmc-martyrs-day-mamata-banerjee-split-kolkata-police-10792792/,"Sat, 18 Jul 2026 14:02:18 +0000",,Indian Express Political Pulse,2026-08-11 12:17:42.652285
"Speaker Om Birla Speaker clears Uddhav Sena MPs’ merger with Shinde Sena, TMC rebels get separate seating",https://indianexpress.com/article/political-pulse/speaker-om-birla-approves-6-shiv-sena-ubt-mps-merger-eknath-shinde-uddhav-thackeray-10792778/,"Sat, 18 Jul 2026 13:48:50 +0000",,Indian Express Political Pulse,2026-08-11 12:17:42.653282
Meet new national minorities panel chief Harjeet Grewal: RSS member to BJP face during farm stir,https://indianexpress.com/article/political-pulse/harjeet-singh-grewal-rss-bjp-national-commission-minorities-chief-10792651/,"Sat, 18 Jul 2026 11:55:17 +0000",,Indian Express Political Pulse,2026-08-11 12:17:42.653282
‘What a shame’: Opposition attacks Centre over Sonam Wangchuk’s removal from Jantar Mantar,https://indianexpress.com/article/political-pulse/opposition-attack-centre-sonam-wangchuk-removal-jantar-mantar-protest-10792264/,"Sat, 18 Jul 2026 07:03:21 +0000",,Indian Express Political Pulse,2026-08-11 12:17:42.653282
How Sonam Wangchuk’s father broke his 1984 fast after PM Indira Gandhi met him,https://indianexpress.com/article/political-pulse/how-sonam-wangchuks-father-broke-his-1984-fast-after-pm-indira-gandhi-met-him-10791775/,"Sat, 18 Jul 2026 01:39:21 +0000",,Indian Express Political Pulse,2026-08-11 12:17:42.653282
DMK signals Delhi reset: Why the party is keeping options open,https://indianexpress.com/article/political-pulse/dmk-signals-delhi-reset-why-the-party-is-keeping-options-open-10791781/,"Sat, 18 Jul 2026 01:37:53 +0000",,Indian Express Political Pulse,2026-08-11 12:17:42.653282
BJP’s Punjab reset: How the party is trying to reinvent itself before polls,https://indianexpress.com/article/political-pulse/bjps-punjab-reset-how-the-party-is-trying-to-reinvent-itself-before-polls-10791768/,"Sat, 18 Jul 2026 01:10:32 +0000",,Indian Express Political Pulse,2026-08-11 12:17:42.653282
Inside Kolkata delimitation: Why Adhikari government moves to redraw wards before civic polls,https://indianexpress.com/article/political-pulse/kolkata-municipal-corporation-kmc-delimitation-56-new-wards-suvendu-adhikari-bjp-10791559/,"Fri, 17 Jul 2026 14:52:23 +0000",,Indian Express Political Pulse,2026-08-11 12:17:42.653282
‘Tejashwi surrounded by sycophants’: Why RJD just lost a key spokesperson,https://indianexpress.com/article/political-pulse/tejashwi-surrounded-sycophants-rjd-lost-spokesperson-10791408/,"Fri, 17 Jul 2026 13:13:32 +0000",,Indian Express Political Pulse,2026-08-11 12:17:42.653282
"Inside BJP’s plan for NCP: Merger, two Cabinet berths, NDA entry",https://indianexpress.com/article/political-pulse/bjp-plan-ncp-merger-two-cabinet-berths-nda-entry-sunetra-sharad-pawar-10791153/,"Fri, 17 Jul 2026 11:03:33 +0000",,Indian Express Political Pulse,2026-08-11 12:17:42.653282
"Devendra Fadnavis’ balancing act amid NCP drama, delimitation Bill headcount",https://indianexpress.com/article/political-pulse/sharad-pawar-factor-in-mind-bjps-wait-and-watch-plan-on-ncp-drama-10791048/,"Fri, 17 Jul 2026 10:08:44 +0000",,Indian Express Political Pulse,2026-08-11 12:17:42.653282
"Karnataka SIR: How Congress is stealing the march, BJP playing catch-up",https://indianexpress.com/article/political-pulse/karnataka-sir-congress-permanent-residence-certificate-bjp-voter-rolls-10790102/,"Fri, 17 Jul 2026 01:35:46 +0000",,Indian Express Political Pulse,2026-08-11 12:17:42.653282
"Sunil Tatkare revives NCP merger buzz, hints ball is in Sharad Pawar’s court",https://indianexpress.com/article/political-pulse/sunil-tatkare-revives-ncp-merger-talk-hints-ball-is-in-sharad-pawars-court-10789809/,"Thu, 16 Jul 2026 14:01:32 +0000",,Indian Express Political Pulse,2026-08-11 12:17:42.653282
"Channi, Satluj, and ghosts of Punjab’s past: A note of pre-poll caution for parties",https://indianexpress.com/article/political-pulse/punjab-elections-channi-dalit-vote-satluj-movie-ban-impact-10789548/,"Thu, 16 Jul 2026 11:35:35 +0000",,Indian Express Political Pulse,2026-08-11 12:17:42.653282
‘SP cannot tolerate Muslim leaders’: Congress MP Imran Masood irks ally,https://indianexpress.com/article/political-pulse/sp-muslim-leaders-congress-mp-imran-masood-10789338/,"Thu, 16 Jul 2026 11:18:02 +0000",,Indian Express Political Pulse,2026-08-11 12:17:42.653282
‘Why wasn’t I told?’: Sunetra Pawar vs NCP leaders over Fadnavis midnight meet,https://indianexpress.com/article/political-pulse/ncp-crisis-meeting-sunetra-pawar-sunil-tatkare-10789238/,"Thu, 16 Jul 2026 08:41:25 +0000",,Indian Express Political Pulse,2026-08-11 12:17:42.653282
"Paper leaks, jobs: Rahul Gandhi leads Congress’s youth push in Uttarakhand",https://indianexpress.com/article/political-pulse/paper-leaks-jobs-rahul-gandhi-congress-youth-push-uttarakhand-10789192/,"Thu, 16 Jul 2026 08:39:06 +0000",,Indian Express Political Pulse,2026-08-11 12:17:42.653282
Opposition worries Supriya Sule’s move may have a domino effect,https://indianexpress.com/article/political-pulse/india-bloc-delimitation-bill-supriya-sule-support-mosoon-session-parliament-10788453/,"Thu, 16 Jul 2026 01:49:21 +0000",,Indian Express Political Pulse,2026-08-11 12:17:42.653282
Development to Ravidassia outreach: Why PM Modi’s Punjab visit is key to BJP’s 2027 bid,https://indianexpress.com/article/political-pulse/pm-narendra-modi-punjab-visit-satluj-row-bjp-ravidassia-outreach-why-pm-narendra-modis-punjab-visit-is-key-to-bjps-2027-bid-10788475/,"Thu, 16 Jul 2026 01:46:26 +0000",,Indian Express Political Pulse,2026-08-11 12:17:42.653282
"Bhajans-kirtans to yajnas, Himachal Pradesh Congress uses new playbook to corner BJP over Ram Temple row",https://indianexpress.com/article/political-pulse/himachal-pradesh-congress-sukhvinder-singh-sukhu-on-ram-temple-donation-row-10788470/,"Thu, 16 Jul 2026 01:45:00 +0000",,Indian Express Political Pulse,2026-08-11 12:17:42.653282
"Meet ‘colourful boy’ Madan Mitra, Mamata loyalist who switched to ‘rebel’ TMC camp",https://indianexpress.com/article/political-pulse/madan-mitra-mamata-banerjee-tmc-rebel-10788249/,"Wed, 15 Jul 2026 16:16:14 +0000",,Indian Express Political Pulse,2026-08-11 12:17:42.653282
Supriya Sule downplays BJP crossover buzz but drops a big hint,https://indianexpress.com/article/political-pulse/supriya-sule-bjp-crossover-buzz-hint-10788207/,"Wed, 15 Jul 2026 14:58:43 +0000",,Indian Express Political Pulse,2026-08-11 12:17:42.653282
Why Congress is keen on retaining Amrinder Raja Warring as Punjab unit chief,https://indianexpress.com/article/political-pulse/punjab-congress-infighting-raja-warring-charanjit-channi-status-quo-10788123/,"Wed, 15 Jul 2026 13:47:13 +0000",,Indian Express Political Pulse,2026-08-11 12:17:42.653282
"Face of Andhra Kapu quota stir: Mudragada Padmanabha, who changed his name to protest Pawan Kalyan’s win",https://indianexpress.com/article/political-pulse/mudragada-padmanabha-dies-kapu-reservation-leader-tuni-violence-pawan-kalyan-rivalry-10787490/,"Wed, 15 Jul 2026 09:46:39 +0000",,Indian Express Political Pulse,2026-08-11 12:17:42.653282
"NEET cancelled as exam credibility was impacted, NTA officials tell House panel",https://indianexpress.com/elections/neet-cancelled-as-exam-credibility-was-impacted-nta-officials-tell-house-panel-10702133/,"Thu, 21 May 2026 23:10:47 +0000",,Indian Express Elections,2026-08-11 12:17:43.100678
Jangipur (West Bengal) Assembly Election Result 2026: Chitta Mukherjee of BJP Wins,https://indianexpress.com/elections/jangipur-election-result-live-updates-west-bengal-assembly-election-results-winner-10670561/,"Sun, 03 May 2026 23:34:20 +0000",,Indian Express Elections,2026-08-11 12:17:43.100678
Samserganj (West Bengal) Assembly Election Result 2026: Mohammed Noor Alam of AITC Wins,https://indianexpress.com/elections/samserganj-election-result-live-updates-west-bengal-assembly-election-results-winner-10670559/,"Sun, 03 May 2026 23:34:00 +0000",,Indian Express Elections,2026-08-11 12:17:43.100678
Uttarpara (West Bengal) Assembly Election Result 2026: Dipanjan Chakraborty of BJP Wins,https://indianexpress.com/elections/uttarpara-election-result-live-updates-west-bengal-assembly-election-results-winner-10670557/,"Sun, 03 May 2026 23:33:40 +0000",,Indian Express Elections,2026-08-11 12:17:43.100678
Uluberia Uttar (sc) (West Bengal) Assembly Election Result 2026: Chiran Bera of BJP Wins,https://indianexpress.com/elections/uluberia-uttar-election-result-live-updates-west-bengal-assembly-election-results-winner-10670555/,"Sun, 03 May 2026 23:33:20 +0000",,Indian Express Elections,2026-08-11 12:17:43.100678
Uluberia Purba (West Bengal) Assembly Election Result 2026: Ritabrata Banerjee of AITC Wins,https://indianexpress.com/elections/uluberia-purba-election-result-live-updates-west-bengal-assembly-election-results-winner-10670553/,"Sun, 03 May 2026 23:33:00 +0000",,Indian Express Elections,2026-08-11 12:17:43.100678
Uluberia Dakshin (West Bengal) Assembly Election Result 2026: Pulak Roy of AITC Wins,https://indianexpress.com/elections/uluberia-dakshin-election-result-live-updates-west-bengal-assembly-election-results-winner-10670551/,"Sun, 03 May 2026 23:32:40 +0000",,Indian Express Elections,2026-08-11 12:17:43.100678
Udaynarayanpur (West Bengal) Assembly Election Result 2026: Samir Kumar Panja of AITC Wins,https://indianexpress.com/elections/udaynarayanpur-election-result-live-updates-west-bengal-assembly-election-results-winner-10670549/,"Sun, 03 May 2026 23:32:20 +0000",,Indian Express Elections,2026-08-11 12:17:43.100678
Tufanganj (West Bengal) Assembly Election Result 2026: Malati Rava Roy of BJP Wins,https://indianexpress.com/elections/tufanganj-election-result-live-updates-west-bengal-assembly-election-results-winner-10670547/,"Sun, 03 May 2026 23:32:00 +0000",,Indian Express Elections,2026-08-11 12:17:43.100678
Tollyganj (West Bengal) Assembly Election Result 2026: Papia Adhikary of BJP Wins,https://indianexpress.com/elections/tollyganj-election-result-live-updates-west-bengal-assembly-election-results-winner-10670544/,"Sun, 03 May 2026 23:31:40 +0000",,Indian Express Elections,2026-08-11 12:17:43.100678
Tehatta (West Bengal) Assembly Election Result 2026: Subrata Kabiraj of BJP Wins,https://indianexpress.com/elections/tehatta-election-result-live-updates-west-bengal-assembly-election-results-winner-10670534/,"Sun, 03 May 2026 23:31:20 +0000",,Indian Express Elections,2026-08-11 12:17:43.100678
Tarakeswar (West Bengal) Assembly Election Result 2026: Santu Pan of BJP Wins,https://indianexpress.com/elections/tarakeswar-election-result-live-updates-west-bengal-assembly-election-results-winner-10670531/,"Sun, 03 May 2026 23:31:00 +0000",,Indian Express Elections,2026-08-11 12:17:43.100678
Tapan (st) (West Bengal) Assembly Election Result 2026: Budhrai Tudu of BJP Wins,https://indianexpress.com/elections/tapan-election-result-live-updates-west-bengal-assembly-election-results-winner-10670529/,"Sun, 03 May 2026 23:30:40 +0000",,Indian Express Elections,2026-08-11 12:17:43.100678
Tamluk (West Bengal) Assembly Election Result 2026: Hare Krishna Bera of BJP Wins,https://indianexpress.com/elections/tamluk-election-result-live-updates-west-bengal-assembly-election-results-winner-10670527/,"Sun, 03 May 2026 23:30:20 +0000",,Indian Express Elections,2026-08-11 12:17:43.100678
Taldangra (West Bengal) Assembly Election Result 2026: Souvik Patra of BJP Wins,https://indianexpress.com/elections/taldangra-election-result-live-updates-west-bengal-assembly-election-results-winner-10670525/,"Sun, 03 May 2026 23:30:00 +0000",,Indian Express Elections,2026-08-11 12:17:43.100678
Swarupnagar (sc) (West Bengal) Assembly Election Result 2026: Bina Mondal of AITC Wins,https://indianexpress.com/elections/swarupnagar-election-result-live-updates-west-bengal-assembly-election-results-winner-10670523/,"Sun, 03 May 2026 23:29:40 +0000",,Indian Express Elections,2026-08-11 12:17:43.100678
Suti (West Bengal) Assembly Election Result 2026: Emani Biswas of AITC Wins,https://indianexpress.com/elections/suti-election-result-live-updates-west-bengal-assembly-election-results-winner-10670521/,"Sun, 03 May 2026 23:29:20 +0000",,Indian Express Elections,2026-08-11 12:17:43.100678
Suri (West Bengal) Assembly Election Result 2026: Jagannath Chattopadhyay of BJP Wins,https://indianexpress.com/elections/suri-election-result-live-updates-west-bengal-assembly-election-results-winner-10670519/,"Sun, 03 May 2026 23:29:00 +0000",,Indian Express Elections,2026-08-11 12:17:43.100678
Sujapur (West Bengal) Assembly Election Result 2026: Sabina Yeasmin of AITC Wins,https://indianexpress.com/elections/sujapur-election-result-live-updates-west-bengal-assembly-election-results-winner-10670517/,"Sun, 03 May 2026 23:28:40 +0000",,Indian Express Elections,2026-08-11 12:17:43.100678
Sreerampur (West Bengal) Assembly Election Result 2026: Bhaskar Bhattacharya of BJP Wins,https://indianexpress.com/elections/sreerampur-election-result-live-updates-west-bengal-assembly-election-results-winner-10670515/,"Sun, 03 May 2026 23:28:20 +0000",,Indian Express Elections,2026-08-11 12:17:43.100678
Sonarpur Uttar (West Bengal) Assembly Election Result 2026: Debasish Dhar of BJP Wins,https://indianexpress.com/elections/sonarpur-uttar-election-result-live-updates-west-bengal-assembly-election-results-winner-10670513/,"Sun, 03 May 2026 23:28:00 +0000",,Indian Express Elections,2026-08-11 12:17:43.100678
Sonarpur Dakshin (West Bengal) Assembly Election Result 2026: Rupa Ganguly of BJP Wins,https://indianexpress.com/elections/sonarpur-dakshin-election-result-live-updates-west-bengal-assembly-election-results-winner-10670511/,"Sun, 03 May 2026 23:27:40 +0000",,Indian Express Elections,2026-08-11 12:17:43.100678
Sonamukhi (sc) (West Bengal) Assembly Election Result 2026: Dibakar Gharami of BJP Wins,https://indianexpress.com/elections/sonamukhi-election-result-live-updates-west-bengal-assembly-election-results-winner-10670509/,"Sun, 03 May 2026 23:27:20 +0000",,Indian Express Elections,2026-08-11 12:17:43.100678
Sitalkuchi (sc) (West Bengal) Assembly Election Result 2026: Sabitri Barman of BJP Wins,https://indianexpress.com/elections/sitalkuchi-election-result-live-updates-west-bengal-assembly-election-results-winner-10670507/,"Sun, 03 May 2026 23:27:00 +0000",,Indian Express Elections,2026-08-11 12:17:43.100678
Sitai (sc) (West Bengal) Assembly Election Result 2026: Sangita Roy of AITC Wins,https://indianexpress.com/elections/sitai-election-result-live-updates-west-bengal-assembly-election-results-winner-10670505/,"Sun, 03 May 2026 23:26:40 +0000",,Indian Express Elections,2026-08-11 12:17:43.100678
Singur (West Bengal) Assembly Election Result 2026: Arup Kumar Das of BJP Wins,https://indianexpress.com/elections/singur-election-result-live-updates-west-bengal-assembly-election-results-winner-10670503/,"Sun, 03 May 2026 23:26:20 +0000",,Indian Express Elections,2026-08-11 12:17:43.100678
Siliguri (West Bengal) Assembly Election Result 2026: Shankar Ghosh of BJP Wins,https://indianexpress.com/elections/siliguri-election-result-live-updates-west-bengal-assembly-election-results-winner-10670501/,"Sun, 03 May 2026 23:26:00 +0000",,Indian Express Elections,2026-08-11 12:17:43.100678
Shyampur (West Bengal) Assembly Election Result 2026: Dr. Hiranmoy Chattopadhyaya (Hiraan) of BJP Wins,https://indianexpress.com/elections/shyampur-election-result-live-updates-west-bengal-assembly-election-results-winner-10670499/,"Sun, 03 May 2026 23:25:40 +0000",,Indian Express Elections,2026-08-11 12:17:43.100678
Shyampukur (West Bengal) Assembly Election Result 2026: Purnima Chakraborty of BJP Wins,https://indianexpress.com/elections/shyampukur-election-result-live-updates-west-bengal-assembly-election-results-winner-10670497/,"Sun, 03 May 2026 23:25:20 +0000",,Indian Express Elections,2026-08-11 12:17:43.100678
Shibpur (West Bengal) Assembly Election Result 2026: Rudranil Ghosh of BJP Wins,https://indianexpress.com/elections/shibpur-election-result-live-updates-west-bengal-assembly-election-results-winner-10670495/,"Sun, 03 May 2026 23:25:00 +0000",,Indian Express Elections,2026-08-11 12:17:43.100678
Satgachhia (West Bengal) Assembly Election Result 2026: Agniswar Naskar of BJP Wins,https://indianexpress.com/elections/satgachhia-election-result-live-updates-west-bengal-assembly-election-results-winner-10670493/,"Sun, 03 May 2026 23:24:40 +0000",,Indian Express Elections,2026-08-11 12:17:43.100678
Saptagram (West Bengal) Assembly Election Result 2026: Swaraj Ghosh of BJP Wins,https://indianexpress.com/elections/saptagram-election-result-live-updates-west-bengal-assembly-election-results-winner-10670491/,"Sun, 03 May 2026 23:24:20 +0000",,Indian Express Elections,2026-08-11 12:17:43.100678
Santipur (West Bengal) Assembly Election Result 2026: Swapan Kumar Das of BJP Wins,https://indianexpress.com/elections/santipur-election-result-live-updates-west-bengal-assembly-election-results-winner-10670489/,"Sun, 03 May 2026 23:24:00 +0000",,Indian Express Elections,2026-08-11 12:17:43.100678
Sankrail (sc) (West Bengal) Assembly Election Result 2026: Priya Paul of AITC Wins,https://indianexpress.com/elections/sankrail-election-result-live-updates-west-bengal-assembly-election-results-winner-10670487/,"Sun, 03 May 2026 23:23:40 +0000",,Indian Express Elections,2026-08-11 12:17:43.100678
Sandeshkhali (st) (West Bengal) Assembly Election Result 2026: Sanat Sardar of BJP Wins,https://indianexpress.com/elections/sandeshkhali-election-result-live-updates-west-bengal-assembly-election-results-winner-10670485/,"Sun, 03 May 2026 23:23:20 +0000",,Indian Express Elections,2026-08-11 12:17:43.100678
Saltora (sc) (West Bengal) Assembly Election Result 2026: Chandana Bauri of BJP Wins,https://indianexpress.com/elections/saltora-election-result-live-updates-west-bengal-assembly-election-results-winner-10670483/,"Sun, 03 May 2026 23:23:00 +0000",,Indian Express Elections,2026-08-11 12:17:43.100678
Salboni (West Bengal) Assembly Election Result 2026: Biman Mahata of BJP Wins,https://indianexpress.com/elections/salboni-election-result-live-updates-west-bengal-assembly-election-results-winner-10670481/,"Sun, 03 May 2026 23:22:40 +0000",,Indian Express Elections,2026-08-11 12:17:43.100678
Sainthia (sc) (West Bengal) Assembly Election Result 2026: Krishna Kanta Saha of BJP Wins,https://indianexpress.com/elections/sainthia-election-result-live-updates-west-bengal-assembly-election-results-winner-10670479/,"Sun, 03 May 2026 23:22:20 +0000",,Indian Express Elections,2026-08-11 12:17:43.100678
Sagardighi (West Bengal) Assembly Election Result 2026: Bayron Biswas of AITC Wins,https://indianexpress.com/elections/sagardighi-election-result-live-updates-west-bengal-assembly-election-results-winner-10670477/,"Sun, 03 May 2026 23:22:00 +0000",,Indian Express Elections,2026-08-11 12:17:43.100678
Sagar (West Bengal) Assembly Election Result 2026: Sumanta Mandal of BJP Wins,https://indianexpress.com/elections/sagar-election-result-live-updates-west-bengal-assembly-election-results-winner-10670475/,"Sun, 03 May 2026 23:21:40 +0000",,Indian Express Elections,2026-08-11 12:17:43.100678
Sabang (West Bengal) Assembly Election Result 2026: Amal Kumar Panda of BJP Wins,https://indianexpress.com/elections/sabang-election-result-live-updates-west-bengal-assembly-election-results-winner-10670472/,"Sun, 03 May 2026 23:21:20 +0000",,Indian Express Elections,2026-08-11 12:17:43.100678
Rejinagar (West Bengal) Assembly Election Result 2026: Humayun Kabir of Aam Janata Unnayan party Wins,https://indianexpress.com/elections/rejinagar-election-result-live-updates-west-bengal-assembly-election-results-winner-10670470/,"Sun, 03 May 2026 23:21:00 +0000",,Indian Express Elections,2026-08-11 12:17:43.100678
Ratua (West Bengal) Assembly Election Result 2026: Samar Mukherjee of AITC Wins,https://indianexpress.com/elections/ratua-election-result-live-updates-west-bengal-assembly-election-results-winner-10670468/,"Sun, 03 May 2026 23:20:40 +0000",,Indian Express Elections,2026-08-11 12:17:43.100678
Rashbehari (West Bengal) Assembly Election Result 2026: Dasgupta Swapan of BJP Wins,https://indianexpress.com/elections/rashbehari-election-result-live-updates-west-bengal-assembly-election-results-winner-10670466/,"Sun, 03 May 2026 23:20:20 +0000",,Indian Express Elections,2026-08-11 12:17:43.100678
Raninagar (West Bengal) Assembly Election Result 2026: Julfikar Ali of INC Wins,https://indianexpress.com/elections/raninagar-election-result-live-updates-west-bengal-assembly-election-results-winner-10670464/,"Sun, 03 May 2026 23:20:00 +0000",,Indian Express Elections,2026-08-11 12:17:43.100678
Raniganj (West Bengal) Assembly Election Result 2026: Partha Ghosh of BJP Wins,https://indianexpress.com/elections/raniganj-election-result-live-updates-west-bengal-assembly-election-results-winner-10670462/,"Sun, 03 May 2026 23:19:40 +0000",,Indian Express Elections,2026-08-11 12:17:43.100678
Ranibandh (st) (West Bengal) Assembly Election Result 2026: Kshudiram Tudu of BJP Wins,https://indianexpress.com/elections/ranibandh-election-result-live-updates-west-bengal-assembly-election-results-winner-10670460/,"Sun, 03 May 2026 23:19:20 +0000",,Indian Express Elections,2026-08-11 12:17:43.100678
Ranaghat Uttar Purba (sc) (West Bengal) Assembly Election Result 2026: Ashim Biswas of BJP Wins,https://indianexpress.com/elections/ranaghat-uttar-purba-election-result-live-updates-west-bengal-assembly-election-results-winner-10670458/,"Sun, 03 May 2026 23:19:00 +0000",,Indian Express Elections,2026-08-11 12:17:43.100678
Ranaghat Uttar Paschim (West Bengal) Assembly Election Result 2026: Partha Sarathi Chatterjee(Babu) of BJP Wins,https://indianexpress.com/elections/ranaghat-uttar-paschim-election-result-live-updates-west-bengal-assembly-election-results-winner-10670456/,"Sun, 03 May 2026 23:18:40 +0000",,Indian Express Elections,2026-08-11 12:17:43.100678
Ranaghat Dakshin (sc) (West Bengal) Assembly Election Result 2026: Ashim Kumar Biswas of BJP Wins,https://indianexpress.com/elections/ranaghat-dakshin-election-result-live-updates-west-bengal-assembly-election-results-winner-10670454/,"Sun, 03 May 2026 23:18:20 +0000",,Indian Express Elections,2026-08-11 12:17:43.100678
Rampurhat (West Bengal) Assembly Election Result 2026: Dhruba Saha of BJP Wins,https://indianexpress.com/elections/rampurhat-election-result-live-updates-west-bengal-assembly-election-results-winner-10670452/,"Sun, 03 May 2026 23:18:00 +0000",,Indian Express Elections,2026-08-11 12:17:43.100678
Ramnagar (West Bengal) Assembly Election Result 2026: Dr. Chandra Sekhar Mondal of BJP Wins,https://indianexpress.com/elections/ramnagar-election-result-live-updates-west-bengal-assembly-election-results-winner-10670450/,"Sun, 03 May 2026 23:17:40 +0000",,Indian Express Elections,2026-08-11 12:17:43.100678
Rajganj (sc) (West Bengal) Assembly Election Result 2026: Dinesh Sarkar of BJP Wins,https://indianexpress.com/elections/rajganj-election-result-live-updates-west-bengal-assembly-election-results-winner-10670448/,"Sun, 03 May 2026 23:17:20 +0000",,Indian Express Elections,2026-08-11 12:17:43.100678
Rajarhat New Town (West Bengal) Assembly Election Result 2026: Piyush Kanodia of BJP Wins,https://indianexpress.com/elections/rajarhat-new-town-election-result-live-updates-west-bengal-assembly-election-results-winner-10670446/,"Sun, 03 May 2026 23:17:00 +0000",,Indian Express Elections,2026-08-11 12:17:43.100678
Rajarhat Gopalpur (West Bengal) Assembly Election Result 2026: Tarunjyoti Tewari of BJP Wins,https://indianexpress.com/elections/rajarhat-gopalpur-election-result-live-updates-west-bengal-assembly-election-results-winner-10670444/,"Sun, 03 May 2026 23:16:40 +0000",,Indian Express Elections,2026-08-11 12:17:43.100678
Raipur (st) (West Bengal) Assembly Election Result 2026: Kshetramohan Hansda of BJP Wins,https://indianexpress.com/elections/raipur-election-result-live-updates-west-bengal-assembly-election-results-winner-10670437/,"Sun, 03 May 2026 23:16:20 +0000",,Indian Express Elections,2026-08-11 12:17:43.100678
Raina (sc) (West Bengal) Assembly Election Result 2026: Subhash Patra of BJP Wins,https://indianexpress.com/elections/raina-election-result-live-updates-west-bengal-assembly-election-results-winner-10670435/,"Sun, 03 May 2026 23:16:00 +0000",,Indian Express Elections,2026-08-11 12:17:43.100678
Raiganj (West Bengal) Assembly Election Result 2026: Koushik Chowdhury of BJP Wins,https://indianexpress.com/elections/raiganj-election-result-live-updates-west-bengal-assembly-election-results-winner-10670433/,"Sun, 03 May 2026 23:15:40 +0000",,Indian Express Elections,2026-08-11 12:17:43.100678
Raidighi (West Bengal) Assembly Election Result 2026: Tapas Mondal S/O-Shibprasad Mondal of AITC Wins,https://indianexpress.com/elections/raidighi-election-result-live-updates-west-bengal-assembly-election-results-winner-10670431/,"Sun, 03 May 2026 23:15:20 +0000",,Indian Express Elections,2026-08-11 12:17:43.100678
Raghunathpur (sc) (West Bengal) Assembly Election Result 2026: Mamoni Bauri of BJP Wins,https://indianexpress.com/elections/raghunathpur-election-result-live-updates-west-bengal-assembly-election-results-winner-10670429/,"Sun, 03 May 2026 23:15:00 +0000",,Indian Express Elections,2026-08-11 12:17:43.100678
Raghunathganj (West Bengal) Assembly Election Result 2026: Akhruzzaman of AITC Wins,https://indianexpress.com/elections/raghunathganj-election-result-live-updates-west-bengal-assembly-election-results-winner-10670426/,"Sun, 03 May 2026 23:14:40 +0000",,Indian Express Elections,2026-08-11 12:17:43.100678
Purulia (West Bengal) Assembly Election Result 2026: Sudip Kumar Mukherjee of BJP Wins,https://indianexpress.com/elections/purulia-election-result-live-updates-west-bengal-assembly-election-results-winner-10670422/,"Sun, 03 May 2026 23:14:20 +0000",,Indian Express Elections,2026-08-11 12:17:43.100678
Pursurah (West Bengal) Assembly Election Result 2026: Biman Ghosh of BJP Wins,https://indianexpress.com/elections/pursurah-election-result-live-updates-west-bengal-assembly-election-results-winner-10670420/,"Sun, 03 May 2026 23:14:00 +0000",,Indian Express Elections,2026-08-11 12:17:43.100678
Purbasthali Uttar (West Bengal) Assembly Election Result 2026: Gopal Chattopadhyay of BJP Wins,https://indianexpress.com/elections/purbasthali-uttar-election-result-live-updates-west-bengal-assembly-election-results-winner-10670418/,"Sun, 03 May 2026 23:13:40 +0000",,Indian Express Elections,2026-08-11 12:17:43.100678
Purbasthali Dakshin (West Bengal) Assembly Election Result 2026: Pran Krishna Tapadar of BJP Wins,https://indianexpress.com/elections/purbasthali-dakshin-election-result-live-updates-west-bengal-assembly-election-results-winner-10670416/,"Sun, 03 May 2026 23:13:20 +0000",,Indian Express Elections,2026-08-11 12:17:43.100678
Pingla (West Bengal) Assembly Election Result 2026: Swagata Manna of BJP Wins,https://indianexpress.com/elections/pingla-election-result-live-updates-west-bengal-assembly-election-results-winner-10670414/,"Sun, 03 May 2026 23:13:00 +0000",,Indian Express Elections,2026-08-11 12:17:43.100678
Phansidewa (st) (West Bengal) Assembly Election Result 2026: Durga Murmu of BJP Wins,https://indianexpress.com/elections/phansidewa-election-result-live-updates-west-bengal-assembly-election-results-winner-10670412/,"Sun, 03 May 2026 23:12:40 +0000",,Indian Express Elections,2026-08-11 12:17:43.100678
Patharpratima (West Bengal) Assembly Election Result 2026: Samir Kumar Jana of AITC Wins,https://indianexpress.com/elections/patharpratima-election-result-live-updates-west-bengal-assembly-election-results-winner-10670410/,"Sun, 03 May 2026 23:12:20 +0000",,Indian Express Elections,2026-08-11 12:17:43.100678
Patashpur (West Bengal) Assembly Election Result 2026: Tapan Maity of BJP Wins,https://indianexpress.com/elections/patashpur-election-result-live-updates-west-bengal-assembly-election-results-winner-10670408/,"Sun, 03 May 2026 23:12:00 +0000",,Indian Express Elections,2026-08-11 12:17:43.100678
Para (sc) (West Bengal) Assembly Election Result 2026: Nadiar Chand Bouri of BJP Wins,https://indianexpress.com/elections/para-election-result-live-updates-west-bengal-assembly-election-results-winner-10670405/,"Sun, 03 May 2026 23:11:40 +0000",,Indian Express Elections,2026-08-11 12:17:43.100678
Panskura Purba (West Bengal) Assembly Election Result 2026: Subrata Maity(Rana) of BJP Wins,https://indianexpress.com/elections/panskura-purba-election-result-live-updates-west-bengal-assembly-election-results-winner-10670403/,"Sun, 03 May 2026 23:11:20 +0000",,Indian Express Elections,2026-08-11 12:17:43.100678
Panskura Paschim (West Bengal) Assembly Election Result 2026: Sintu Senapati of BJP Wins,https://indianexpress.com/elections/panskura-paschim-election-result-live-updates-west-bengal-assembly-election-results-winner-10670401/,"Sun, 03 May 2026 23:11:00 +0000",,Indian Express Elections,2026-08-11 12:17:43.100678
Panihati (West Bengal) Assembly Election Result 2026: Ratna Debnath of BJP Wins,https://indianexpress.com/elections/panihati-election-result-live-updates-west-bengal-assembly-election-results-winner-10670399/,"Sun, 03 May 2026 23:10:40 +0000",,Indian Express Elections,2026-08-11 12:17:43.100678
Pandua (West Bengal) Assembly Election Result 2026: Tusar Kumar Majumdar of BJP Wins,https://indianexpress.com/elections/pandua-election-result-live-updates-west-bengal-assembly-election-results-winner-10670397/,"Sun, 03 May 2026 23:10:20 +0000",,Indian Express Elections,2026-08-11 12:17:43.100678
Pandabeswar (West Bengal) Assembly Election Result 2026: Jitendra Kumar Tewari of BJP Wins,https://indianexpress.com/elections/pandabeswar-election-result-live-updates-west-bengal-assembly-election-results-winner-10670395/,"Sun, 03 May 2026 23:10:00 +0000",,Indian Express Elections,2026-08-11 12:17:43.100678
Panchla (West Bengal) Assembly Election Result 2026: Gulsan Mullick of AITC Wins,https://indianexpress.com/elections/panchla-election-result-live-updates-west-bengal-assembly-election-results-winner-10670393/,"Sun, 03 May 2026 23:09:40 +0000",,Indian Express Elections,2026-08-11 12:17:43.100678
Palashipara (West Bengal) Assembly Election Result 2026: Rukbanur Rahman of AITC Wins,https://indianexpress.com/elections/palashipara-election-result-live-updates-west-bengal-assembly-election-results-winner-10670391/,"Sun, 03 May 2026 23:09:20 +0000",,Indian Express Elections,2026-08-11 12:17:43.100678
Onda (West Bengal) Assembly Election Result 2026: Amarnath Shakha of BJP Wins,https://indianexpress.com/elections/onda-election-result-live-updates-west-bengal-assembly-election-results-winner-10670389/,"Sun, 03 May 2026 23:09:00 +0000",,Indian Express Elections,2026-08-11 12:17:43.100678
Noapara (West Bengal) Assembly Election Result 2026: Arjun Singh of BJP Wins,https://indianexpress.com/elections/noapara-election-result-live-updates-west-bengal-assembly-election-results-winner-10670387/,"Sun, 03 May 2026 23:08:40 +0000",,Indian Express Elections,2026-08-11 12:17:43.100678
Nayagram (st) (West Bengal) Assembly Election Result 2026: Amiya Kisku of BJP Wins,https://indianexpress.com/elections/nayagram-election-result-live-updates-west-bengal-assembly-election-results-winner-10670385/,"Sun, 03 May 2026 23:08:20 +0000",,Indian Express Elections,2026-08-11 12:17:43.100678
Natabari (West Bengal) Assembly Election Result 2026: Girija Shankar Ray of BJP Wins,https://indianexpress.com/elections/natabari-election-result-live-updates-west-bengal-assembly-election-results-winner-10670383/,"Sun, 03 May 2026 23:08:00 +0000",,Indian Express Elections,2026-08-11 12:17:43.100678
Narayangarh (West Bengal) Assembly Election Result 2026: Giri Ramaprasad of BJP Wins,https://indianexpress.com/elections/narayangarh-election-result-live-updates-west-bengal-assembly-election-results-winner-10670381/,"Sun, 03 May 2026 23:07:40 +0000",,Indian Express Elections,2026-08-11 12:17:43.100678
Naoda (West Bengal) Assembly Election Result 2026: Humayun Kabir of Aam Janata Unnayan party Wins,https://indianexpress.com/elections/naoda-election-result-live-updates-west-bengal-assembly-election-results-winner-10670379/,"Sun, 03 May 2026 23:07:20 +0000",,Indian Express Elections,2026-08-11 12:17:43.100678
Nanoor (sc) (West Bengal) Assembly Election Result 2026: Bidhan Chandra Majhi of AITC Wins,https://indianexpress.com/elections/nanoor-election-result-live-updates-west-bengal-assembly-election-results-winner-10670377/,"Sun, 03 May 2026 23:07:00 +0000",,Indian Express Elections,2026-08-11 12:17:43.100678
Nandigram (West Bengal) Assembly Election Result 2026: Suvendu Adhikari of BJP Wins,https://indianexpress.com/elections/nandigram-election-result-live-updates-west-bengal-assembly-election-results-winner-10670374/,"Sun, 03 May 2026 23:06:40 +0000",,Indian Express Elections,2026-08-11 12:17:43.100678
Nandakumar (West Bengal) Assembly Election Result 2026: Khanra Nirmal of BJP Wins,https://indianexpress.com/elections/nandakumar-election-result-live-updates-west-bengal-assembly-election-results-winner-10670372/,"Sun, 03 May 2026 23:06:20 +0000",,Indian Express Elections,2026-08-11 12:17:43.100678
Nalhati (West Bengal) Assembly Election Result 2026: Rajendra Prasad Singh(Raju Singh) of AITC Wins,https://indianexpress.com/elections/nalhati-election-result-live-updates-west-bengal-assembly-election-results-winner-10670370/,"Sun, 03 May 2026 23:06:00 +0000",,Indian Express Elections,2026-08-11 12:17:43.100678
Nakashipara (West Bengal) Assembly Election Result 2026: Santanu Dey of BJP Wins,https://indianexpress.com/elections/nakashipara-election-result-live-updates-west-bengal-assembly-election-results-winner-10670368/,"Sun, 03 May 2026 23:05:40 +0000",,Indian Express Elections,2026-08-11 12:17:43.100678
Naihati (West Bengal) Assembly Election Result 2026: Sumitro Chatterjee of BJP Wins,https://indianexpress.com/elections/naihati-election-result-live-updates-west-bengal-assembly-election-results-winner-10670366/,"Sun, 03 May 2026 23:05:20 +0000",,Indian Express Elections,2026-08-11 12:17:43.100678
Nagrakata (st) (West Bengal) Assembly Election Result 2026: Puna Bhengra of BJP Wins,https://indianexpress.com/elections/nagrakata-election-result-live-updates-west-bengal-assembly-election-results-winner-10670363/,"Sun, 03 May 2026 23:05:00 +0000",,Indian Express Elections,2026-08-11 12:17:43.100678
Nabagram (sc) (West Bengal) Assembly Election Result 2026: Dilip Saha of BJP Wins,https://indianexpress.com/elections/nabagram-election-result-live-updates-west-bengal-assembly-election-results-winner-10670360/,"Sun, 03 May 2026 23:04:40 +0000",,Indian Express Elections,2026-08-11 12:17:43.100678
Nabadwip (West Bengal) Assembly Election Result 2026: Srutisekhar Goswami of BJP Wins,https://indianexpress.com/elections/nabadwip-election-result-live-updates-west-bengal-assembly-election-results-winner-10670358/,"Sun, 03 May 2026 23:04:20 +0000",,Indian Express Elections,2026-08-11 12:17:43.100678
Murshidabad (West Bengal) Assembly Election Result 2026: Gouri Sankar Ghosh of BJP Wins,https://indianexpress.com/elections/murshidabad-election-result-live-updates-west-bengal-assembly-election-results-winner-10670356/,"Sun, 03 May 2026 23:04:00 +0000",,Indian Express Elections,2026-08-11 12:17:43.100678
Murarai (West Bengal) Assembly Election Result 2026: Dr. Mosarraf Hossain of AITC Wins,https://indianexpress.com/elections/murarai-election-result-live-updates-west-bengal-assembly-election-results-winner-10670354/,"Sun, 03 May 2026 23:03:40 +0000",,Indian Express Elections,2026-08-11 12:17:43.100678
Moyna (West Bengal) Assembly Election Result 2026: Ashoke Dinda of BJP Wins,https://indianexpress.com/elections/moyna-election-result-live-updates-west-bengal-assembly-election-results-winner-10670352/,"Sun, 03 May 2026 23:03:20 +0000",,Indian Express Elections,2026-08-11 12:17:43.100678
Mothabari (West Bengal) Assembly Election Result 2026: Islam Md Najrul of AITC Wins,https://indianexpress.com/elections/mothabari-election-result-live-updates-west-bengal-assembly-election-results-winner-10670350/,"Sun, 03 May 2026 23:03:00 +0000",,Indian Express Elections,2026-08-11 12:17:43.100678
Monteswar (West Bengal) Assembly Election Result 2026: Saikat Panja of BJP Wins,https://indianexpress.com/elections/monteswar-election-result-live-updates-west-bengal-assembly-election-results-winner-10670348/,"Sun, 03 May 2026 23:02:40 +0000",,Indian Express Elections,2026-08-11 12:17:43.101677
Mongalkote (West Bengal) Assembly Election Result 2026: Shishir Ghosh of BJP Wins,https://indianexpress.com/elections/mongalkote-election-result-live-updates-west-bengal-assembly-election-results-winner-10670346/,"Sun, 03 May 2026 23:02:20 +0000",,Indian Express Elections,2026-08-11 12:17:43.101677
Minakhan (sc) (West Bengal) Assembly Election Result 2026: Usha Rani Mondal of AITC Wins,https://indianexpress.com/elections/minakhan-election-result-live-updates-west-bengal-assembly-election-results-winner-10670344/,"Sun, 03 May 2026 23:02:00 +0000",,Indian Express Elections,2026-08-11 12:17:43.101677
Metiaburuz (West Bengal) Assembly Election Result 2026: Abdul Khaleque Molla of AITC Wins,https://indianexpress.com/elections/metiaburuz-election-result-live-updates-west-bengal-assembly-election-results-winner-10670342/,"Sun, 03 May 2026 23:01:40 +0000",,Indian Express Elections,2026-08-11 12:17:43.101677
Memari (West Bengal) Assembly Election Result 2026: Manab Guha of BJP Wins,https://indianexpress.com/elections/memari-election-result-live-updates-west-bengal-assembly-election-results-winner-10670340/,"Sun, 03 May 2026 23:01:20 +0000",,Indian Express Elections,2026-08-11 12:17:43.101677
Mekliganj (sc) (West Bengal) Assembly Election Result 2026: Dadhiram Ray of BJP Wins,https://indianexpress.com/elections/mekliganj-election-result-live-updates-west-bengal-assembly-election-results-winner-10670338/,"Sun, 03 May 2026 23:01:00 +0000",,Indian Express Elections,2026-08-11 12:17:43.101677
Medinipur (West Bengal) Assembly Election Result 2026: Sankar Kumar Guchhait of BJP Wins,https://indianexpress.com/elections/medinipur-election-result-live-updates-west-bengal-assembly-election-results-winner-10670336/,"Sun, 03 May 2026 23:00:40 +0000",,Indian Express Elections,2026-08-11 12:17:43.101677
Mayureswar (West Bengal) Assembly Election Result 2026: Dudh Kumar Mondal of BJP Wins,https://indianexpress.com/elections/mayureswar-election-result-live-updates-west-bengal-assembly-election-results-winner-10670334/,"Sun, 03 May 2026 23:00:20 +0000",,Indian Express Elections,2026-08-11 12:17:43.101677
Maynaguri (sc) (West Bengal) Assembly Election Result 2026: Dalim Chandra Roy of BJP Wins,https://indianexpress.com/elections/maynaguri-election-result-live-updates-west-bengal-assembly-election-results-winner-10670332/,"Sun, 03 May 2026 23:00:00 +0000",,Indian Express Elections,2026-08-11 12:17:43.101677
Matigara-naxalbari (sc) (West Bengal) Assembly Election Result 2026: Anandamay Barman of BJP Wins,https://indianexpress.com/elections/matigara-naxalbari-election-result-live-updates-west-bengal-assembly-election-results-winner-10670330/,"Sun, 03 May 2026 22:59:40 +0000",,Indian Express Elections,2026-08-11 12:17:43.101677
Mathabhanga (sc) (West Bengal) Assembly Election Result 2026: Nishith Pramanik of BJP Wins,https://indianexpress.com/elections/mathabhanga-election-result-live-updates-west-bengal-assembly-election-results-winner-10670328/,"Sun, 03 May 2026 22:59:20 +0000",,Indian Express Elections,2026-08-11 12:17:43.101677
Maniktala (West Bengal) Assembly Election Result 2026: Tapas Roy of BJP Wins,https://indianexpress.com/elections/maniktala-election-result-live-updates-west-bengal-assembly-election-results-winner-10670326/,"Sun, 03 May 2026 22:59:00 +0000",,Indian Express Elections,2026-08-11 12:17:43.101677
Manikchak (West Bengal) Assembly Election Result 2026: Gour Chandra Mandal of BJP Wins,https://indianexpress.com/elections/manikchak-election-result-live-updates-west-bengal-assembly-election-results-winner-10670324/,"Sun, 03 May 2026 22:58:40 +0000",,Indian Express Elections,2026-08-11 12:17:43.101677
Mandirbazar (sc) (West Bengal) Assembly Election Result 2026: Joydeb Halder S/O – Kartick Chandra Halder of AITC Wins,https://indianexpress.com/elections/mandirbazar-election-result-live-updates-west-bengal-assembly-election-results-winner-10670322/,"Sun, 03 May 2026 22:58:20 +0000",,Indian Express Elections,2026-08-11 12:17:43.101677
Manbazar (st) (West Bengal) Assembly Election Result 2026: Mayna Murmu of BJP Wins,https://indianexpress.com/elections/manbazar-election-result-live-updates-west-bengal-assembly-election-results-winner-10670320/,"Sun, 03 May 2026 22:58:00 +0000",,Indian Express Elections,2026-08-11 12:17:43.101677
Maldaha (sc) (West Bengal) Assembly Election Result 2026: Gopal Chandra Saha of BJP Wins,https://indianexpress.com/elections/maldaha-election-result-live-updates-west-bengal-assembly-election-results-winner-10670318/,"Sun, 03 May 2026 22:57:40 +0000",,Indian Express Elections,2026-08-11 12:17:43.101677
Malatipur (West Bengal) Assembly Election Result 2026: Abdur Rahim Boxi of AITC Wins,https://indianexpress.com/elections/malatipur-election-result-live-updates-west-bengal-assembly-election-results-winner-10670316/,"Sun, 03 May 2026 22:57:20 +0000",,Indian Express Elections,2026-08-11 12:17:43.101677
Mal (st) (West Bengal) Assembly Election Result 2026: Sukra Munda of BJP Wins,https://indianexpress.com/elections/mal-election-result-live-updates-west-bengal-assembly-election-results-winner-10670314/,"Sun, 03 May 2026 22:57:00 +0000",,Indian Express Elections,2026-08-11 12:17:43.101677
Mahishadal (West Bengal) Assembly Election Result 2026: Subhas Chandra Panja of BJP Wins,https://indianexpress.com/elections/mahishadal-election-result-live-updates-west-bengal-assembly-election-results-winner-10670312/,"Sun, 03 May 2026 22:56:40 +0000",,Indian Express Elections,2026-08-11 12:17:43.101677
Maheshtala (West Bengal) Assembly Election Result 2026: Subhasis Das of AITC Wins,https://indianexpress.com/elections/maheshtala-election-result-live-updates-west-bengal-assembly-election-results-winner-10670307/,"Sun, 03 May 2026 22:56:20 +0000",,Indian Express Elections,2026-08-11 12:17:43.101677
Magrahat Purba (sc) (West Bengal) Assembly Election Result 2026: Sarmistha Purkait of AITC Wins,https://indianexpress.com/elections/magrahat-purba-election-result-live-updates-west-bengal-assembly-election-results-winner-10670305/,"Sun, 03 May 2026 22:56:00 +0000",,Indian Express Elections,2026-08-11 12:17:43.101677
Magrahat Paschim (West Bengal) Assembly Election Result 2026: Md. Samim Ahamed Molla of AITC Wins,https://indianexpress.com/elections/magrahat-paschim-election-result-live-updates-west-bengal-assembly-election-results-winner-10670303/,"Sun, 03 May 2026 22:55:40 +0000",,Indian Express Elections,2026-08-11 12:17:43.101677
Madhyamgram (West Bengal) Assembly Election Result 2026: Rathin Ghosh of AITC Wins,https://indianexpress.com/elections/madhyamgram-election-result-live-updates-west-bengal-assembly-election-results-winner-10670301/,"Sun, 03 May 2026 22:55:20 +0000",,Indian Express Elections,2026-08-11 12:17:43.101677
Madarihat (st) (West Bengal) Assembly Election Result 2026: Laxuman Limbu of BJP Wins,https://indianexpress.com/elections/madarihat-election-result-live-updates-west-bengal-assembly-election-results-winner-10670299/,"Sun, 03 May 2026 22:55:00 +0000",,Indian Express Elections,2026-08-11 12:17:43.101677
Lalgola (West Bengal) Assembly Election Result 2026: Abdul Aziz Doctor of AITC Wins,https://indianexpress.com/elections/lalgola-election-result-live-updates-west-bengal-assembly-election-results-winner-10670297/,"Sun, 03 May 2026 22:54:40 +0000",,Indian Express Elections,2026-08-11 12:17:43.101677
Labhpur (West Bengal) Assembly Election Result 2026: Debasis Ojha (Haku Da) of BJP Wins,https://indianexpress.com/elections/labhpur-election-result-live-updates-west-bengal-assembly-election-results-winner-10670295/,"Sun, 03 May 2026 22:54:20 +0000",,Indian Express Elections,2026-08-11 12:17:43.101677
Kushmandi (sc) (West Bengal) Assembly Election Result 2026: Tapas Chandra Roy of BJP Wins,https://indianexpress.com/elections/kushmandi-election-result-live-updates-west-bengal-assembly-election-results-winner-10670293/,"Sun, 03 May 2026 22:54:00 +0000",,Indian Express Elections,2026-08-11 12:17:43.101677
Kurseong (West Bengal) Assembly Election Result 2026: Sonam Lama of BJP Wins,https://indianexpress.com/elections/kurseong-election-result-live-updates-west-bengal-assembly-election-results-winner-10670291/,"Sun, 03 May 2026 22:53:40 +0000",,Indian Express Elections,2026-08-11 12:17:43.101677
Kumargram (st) (West Bengal) Assembly Election Result 2026: Manoj Kumar Oraon of BJP Wins,https://indianexpress.com/elections/kumargram-election-result-live-updates-west-bengal-assembly-election-results-winner-10670289/,"Sun, 03 May 2026 22:53:20 +0000",,Indian Express Elections,2026-08-11 12:17:43.101677
Kumarganj (West Bengal) Assembly Election Result 2026: Toraf Hossain Mandal of AITC Wins,https://indianexpress.com/elections/kumarganj-election-result-live-updates-west-bengal-assembly-election-results-winner-10670287/,"Sun, 03 May 2026 22:53:00 +0000",,Indian Express Elections,2026-08-11 12:17:43.101677
Kulti (West Bengal) Assembly Election Result 2026: Ajay Kumar Poddar of BJP Wins,https://indianexpress.com/elections/kulti-election-result-live-updates-west-bengal-assembly-election-results-winner-10670285/,"Sun, 03 May 2026 22:52:40 +0000",,Indian Express Elections,2026-08-11 12:17:43.101677
Kultali (sc) (West Bengal) Assembly Election Result 2026: Ganesh Chandra Mondal of AITC Wins,https://indianexpress.com/elections/kultali-election-result-live-updates-west-bengal-assembly-election-results-winner-10670283/,"Sun, 03 May 2026 22:52:20 +0000",,Indian Express Elections,2026-08-11 12:17:43.101677
Kulpi (West Bengal) Assembly Election Result 2026: Barnali Dhara of AITC Wins,https://indianexpress.com/elections/kulpi-election-result-live-updates-west-bengal-assembly-election-results-winner-10670281/,"Sun, 03 May 2026 22:52:00 +0000",,Indian Express Elections,2026-08-11 12:17:43.101677
Krishnanagar Uttar (West Bengal) Assembly Election Result 2026: Tarak Nath Chatterjee of BJP Wins,https://indianexpress.com/elections/krishnanagar-uttar-election-result-live-updates-west-bengal-assembly-election-results-winner-10670279/,"Sun, 03 May 2026 22:51:40 +0000",,Indian Express Elections,2026-08-11 12:17:43.101677
Krishnanagar Dakshin (West Bengal) Assembly Election Result 2026: Sadhan Ghosh of BJP Wins,https://indianexpress.com/elections/krishnanagar-dakshin-election-result-live-updates-west-bengal-assembly-election-results-winner-10670276/,"Sun, 03 May 2026 22:51:20 +0000",,Indian Express Elections,2026-08-11 12:17:43.101677
Krishnaganj (sc) (West Bengal) Assembly Election Result 2026: Sukanta Biswas of BJP Wins,https://indianexpress.com/elections/krishnaganj-election-result-live-updates-west-bengal-assembly-election-results-winner-10670274/,"Sun, 03 May 2026 22:51:00 +0000",,Indian Express Elections,2026-08-11 12:17:43.101677
Kolkata Port (West Bengal) Assembly Election Result 2026: Firhad Hakim of AITC Wins,https://indianexpress.com/elections/kolkata-port-election-result-live-updates-west-bengal-assembly-election-results-winner-10670272/,"Sun, 03 May 2026 22:50:40 +0000",,Indian Express Elections,2026-08-11 12:17:43.101677
Khejuri (sc) (West Bengal) Assembly Election Result 2026: Subrata Paik of BJP Wins,https://indianexpress.com/elections/khejuri-election-result-live-updates-west-bengal-assembly-election-results-winner-10670270/,"Sun, 03 May 2026 22:50:20 +0000",,Indian Express Elections,2026-08-11 12:17:43.101677
Khargram (sc) (West Bengal) Assembly Election Result 2026: Mitali Mal of BJP Wins,https://indianexpress.com/elections/khargram-election-result-live-updates-west-bengal-assembly-election-results-winner-10670268/,"Sun, 03 May 2026 22:50:00 +0000",,Indian Express Elections,2026-08-11 12:17:43.101677
Khardaha (West Bengal) Assembly Election Result 2026: Kalyan Chakraborti of BJP Wins,https://indianexpress.com/elections/khardaha-election-result-live-updates-west-bengal-assembly-election-results-winner-10670266/,"Sun, 03 May 2026 22:49:40 +0000",,Indian Express Elections,2026-08-11 12:17:43.101677
Kharagpur Sadar (West Bengal) Assembly Election Result 2026: Dilip Ghosh of BJP Wins,https://indianexpress.com/elections/kharagpur-sadar-election-result-live-updates-west-bengal-assembly-election-results-winner-10670263/,"Sun, 03 May 2026 22:49:20 +0000",,Indian Express Elections,2026-08-11 12:17:43.101677
Kharagpur (West Bengal) Assembly Election Result 2026: Dinen Roy of AITC Wins,https://indianexpress.com/elections/kharagpur-election-result-live-updates-west-bengal-assembly-election-results-winner-10670261/,"Sun, 03 May 2026 22:49:00 +0000",,Indian Express Elections,2026-08-11 12:17:43.101677
Khandaghosh (sc) (West Bengal) Assembly Election Result 2026: Nabin Chandra Bag of AITC Wins,https://indianexpress.com/elections/khandaghosh-election-result-live-updates-west-bengal-assembly-election-results-winner-10670259/,"Sun, 03 May 2026 22:48:40 +0000",,Indian Express Elections,2026-08-11 12:17:43.101677
Khanakul (West Bengal) Assembly Election Result 2026: Susanta Ghosh of BJP Wins,https://indianexpress.com/elections/khanakul-election-result-live-updates-west-bengal-assembly-election-results-winner-10670257/,"Sun, 03 May 2026 22:48:20 +0000",,Indian Express Elections,2026-08-11 12:17:43.101677
Ketugram (West Bengal) Assembly Election Result 2026: Anadi Ghosh of BJP Wins,https://indianexpress.com/elections/ketugram-election-result-live-updates-west-bengal-assembly-election-results-winner-10670255/,"Sun, 03 May 2026 22:48:00 +0000",,Indian Express Elections,2026-08-11 12:17:43.101677
Keshpur (sc) (West Bengal) Assembly Election Result 2026: Seuli Saha of AITC Wins,https://indianexpress.com/elections/keshpur-election-result-live-updates-west-bengal-assembly-election-results-winner-10670253/,"Sun, 03 May 2026 22:47:40 +0000",,Indian Express Elections,2026-08-11 12:17:43.101677
Keshiary (st) (West Bengal) Assembly Election Result 2026: Bhadra Hemram of BJP Wins,https://indianexpress.com/elections/keshiary-election-result-live-updates-west-bengal-assembly-election-results-winner-10670251/,"Sun, 03 May 2026 22:47:20 +0000",,Indian Express Elections,2026-08-11 12:17:43.101677
Katwa (West Bengal) Assembly Election Result 2026: Krishna Ghosh of BJP Wins,https://indianexpress.com/elections/katwa-election-result-live-updates-west-bengal-assembly-election-results-winner-10670249/,"Sun, 03 May 2026 22:47:00 +0000",,Indian Express Elections,2026-08-11 12:17:43.101677
Katulpur (sc) (West Bengal) Assembly Election Result 2026: Lakshmi Kanta Majumdar of BJP Wins,https://indianexpress.com/elections/katulpur-election-result-live-updates-west-bengal-assembly-election-results-winner-10670247/,"Sun, 03 May 2026 22:46:40 +0000",,Indian Express Elections,2026-08-11 12:17:43.101677
Kashipur (West Bengal) Assembly Election Result 2026: Kamala Kanta Hansda of BJP Wins,https://indianexpress.com/elections/kashipur-election-result-live-updates-west-bengal-assembly-election-results-winner-10670244/,"Sun, 03 May 2026 22:46:20 +0000",,Indian Express Elections,2026-08-11 12:17:43.101677
Kashipur-belgachhia (West Bengal) Assembly Election Result 2026: Ritesh Tiwari of BJP Wins,https://indianexpress.com/elections/kashipur-belgachhia-election-result-live-updates-west-bengal-assembly-election-results-winner-10670242/,"Sun, 03 May 2026 22:46:00 +0000",,Indian Express Elections,2026-08-11 12:17:43.101677
Kasba (West Bengal) Assembly Election Result 2026: Ahmed Javed Khan of AITC Wins,https://indianexpress.com/elections/kasba-election-result-live-updates-west-bengal-assembly-election-results-winner-10670239/,"Sun, 03 May 2026 22:45:40 +0000",,Indian Express Elections,2026-08-11 12:17:43.101677
Karimpur (West Bengal) Assembly Election Result 2026: Samarendranath Ghosh of BJP Wins,https://indianexpress.com/elections/karimpur-election-result-live-updates-west-bengal-assembly-election-results-winner-10670237/,"Sun, 03 May 2026 22:45:20 +0000",,Indian Express Elections,2026-08-11 12:17:43.101677
Karandighi (West Bengal) Assembly Election Result 2026: Biraj Biswas of BJP Wins,https://indianexpress.com/elections/karandighi-election-result-live-updates-west-bengal-assembly-election-results-winner-10670235/,"Sun, 03 May 2026 22:45:00 +0000",,Indian Express Elections,2026-08-11 12:17:43.101677
Kanthi Uttar (West Bengal) Assembly Election Result 2026: Sumita Sinha of BJP Wins,https://indianexpress.com/elections/kanthi-uttar-election-result-live-updates-west-bengal-assembly-election-results-winner-10670231/,"Sun, 03 May 2026 22:44:40 +0000",,Indian Express Elections,2026-08-11 12:17:43.101677
Kanthi Dakshin (West Bengal) Assembly Election Result 2026: Arup Kumar Das of BJP Wins,https://indianexpress.com/elections/kanthi-dakshin-election-result-live-updates-west-bengal-assembly-election-results-winner-10670229/,"Sun, 03 May 2026 22:44:20 +0000",,Indian Express Elections,2026-08-11 12:17:43.101677
Kandi (West Bengal) Assembly Election Result 2026: Gargi Das Ghosh of BJP Wins,https://indianexpress.com/elections/kandi-election-result-live-updates-west-bengal-assembly-election-results-winner-10670227/,"Sun, 03 May 2026 22:44:00 +0000",,Indian Express Elections,2026-08-11 12:17:43.101677
Kamarhati (West Bengal) Assembly Election Result 2026: Madan Mitra of AITC Wins,https://indianexpress.com/elections/kamarhati-election-result-live-updates-west-bengal-assembly-election-results-winner-10670225/,"Sun, 03 May 2026 22:43:40 +0000",,Indian Express Elections,2026-08-11 12:17:43.101677
Kalyani (sc) (West Bengal) Assembly Election Result 2026: Anupam Biswas of BJP Wins,https://indianexpress.com/elections/kalyani-election-result-live-updates-west-bengal-assembly-election-results-winner-10670223/,"Sun, 03 May 2026 22:43:20 +0000",,Indian Express Elections,2026-08-11 12:17:43.101677
Kalna (sc) (West Bengal) Assembly Election Result 2026: Siddhartha Majumdar of BJP Wins,https://indianexpress.com/elections/kalna-election-result-live-updates-west-bengal-assembly-election-results-winner-10670221/,"Sun, 03 May 2026 22:43:00 +0000",,Indian Express Elections,2026-08-11 12:17:43.101677
Kalimpong (West Bengal) Assembly Election Result 2026: Bharat Kumar Chetri of BJP Wins,https://indianexpress.com/elections/kalimpong-election-result-live-updates-west-bengal-assembly-election-results-winner-10670219/,"Sun, 03 May 2026 22:42:40 +0000",,Indian Express Elections,2026-08-11 12:17:43.101677
Kaliganj (West Bengal) Assembly Election Result 2026: Alifa Ahmed of AITC Wins,https://indianexpress.com/elections/kaliganj-election-result-live-updates-west-bengal-assembly-election-results-winner-10670217/,"Sun, 03 May 2026 22:42:20 +0000",,Indian Express Elections,2026-08-11 12:17:43.101677
Kaliaganj (sc) (West Bengal) Assembly Election Result 2026: Utpal Brahmacharo of BJP Wins,https://indianexpress.com/elections/kaliaganj-election-result-live-updates-west-bengal-assembly-election-results-winner-10670214/,"Sun, 03 May 2026 22:42:00 +0000",,Indian Express Elections,2026-08-11 12:17:43.101677
Kalchini (st) (West Bengal) Assembly Election Result 2026: Bishal Lama of BJP Wins,https://indianexpress.com/elections/kalchini-election-result-live-updates-west-bengal-assembly-election-results-winner-10670212/,"Sun, 03 May 2026 22:41:40 +0000",,Indian Express Elections,2026-08-11 12:17:43.101677
Kakdwip (West Bengal) Assembly Election Result 2026: Dipankar Jana of BJP Wins,https://indianexpress.com/elections/kakdwip-election-result-live-updates-west-bengal-assembly-election-results-winner-10670209/,"Sun, 03 May 2026 22:41:20 +0000",,Indian Express Elections,2026-08-11 12:17:43.101677
Joypur (West Bengal) Assembly Election Result 2026: Biswajit Mahato of BJP Wins,https://indianexpress.com/elections/joypur-election-result-live-updates-west-bengal-assembly-election-results-winner-10670207/,"Sun, 03 May 2026 22:41:00 +0000",,Indian Express Elections,2026-08-11 12:17:43.101677
Jorasanko (West Bengal) Assembly Election Result 2026: Vijay Ojha of BJP Wins,https://indianexpress.com/elections/jorasanko-election-result-live-updates-west-bengal-assembly-election-results-winner-10670205/,"Sun, 03 May 2026 22:40:40 +0000",,Indian Express Elections,2026-08-11 12:17:43.101677
Jhargram (West Bengal) Assembly Election Result 2026: Lakshmi Kanta Sau of BJP Wins,https://indianexpress.com/elections/jhargram-election-result-live-updates-west-bengal-assembly-election-results-winner-10670202/,"Sun, 03 May 2026 22:40:20 +0000",,Indian Express Elections,2026-08-11 12:17:43.101677
Joynagar (sc) (West Bengal) Assembly Election Result 2026: Biswanath Das of AITC Wins,https://indianexpress.com/elections/joynagar-election-result-live-updates-west-bengal-assembly-election-results-winner-10670200/,"Sun, 03 May 2026 22:40:00 +0000",,Indian Express Elections,2026-08-11 12:17:43.101677
Jangipara (West Bengal) Assembly Election Result 2026: Prosenjit Bag of BJP Wins,https://indianexpress.com/elections/jangipara-election-result-live-updates-west-bengal-assembly-election-results-winner-10670198/,"Sun, 03 May 2026 22:39:40 +0000",,Indian Express Elections,2026-08-11 12:17:43.101677
Jamuria (West Bengal) Assembly Election Result 2026: Dr. Bijan Mukherjee of BJP Wins,https://indianexpress.com/elections/jamuria-election-result-live-updates-west-bengal-assembly-election-results-winner-10670196/,"Sun, 03 May 2026 22:39:20 +0000",,Indian Express Elections,2026-08-11 12:17:43.101677
Jamalpur (sc) (West Bengal) Assembly Election Result 2026: Arun Halder of BJP Wins,https://indianexpress.com/elections/jamalpur-election-result-live-updates-west-bengal-assembly-election-results-winner-10670194/,"Sun, 03 May 2026 22:39:00 +0000",,Indian Express Elections,2026-08-11 12:17:43.101677
Jalpaiguri (sc) (West Bengal) Assembly Election Result 2026: Ananta Deb Adhikary of BJP Wins,https://indianexpress.com/elections/jalpaiguri-election-result-live-updates-west-bengal-assembly-election-results-winner-10670192/,"Sun, 03 May 2026 22:38:40 +0000",,Indian Express Elections,2026-08-11 12:17:43.101677
Jalangi (West Bengal) Assembly Election Result 2026: Babar Ali of AITC Wins,https://indianexpress.com/elections/jalangi-election-result-live-updates-west-bengal-assembly-election-results-winner-10670190/,"Sun, 03 May 2026 22:38:20 +0000",,Indian Express Elections,2026-08-11 12:17:43.101677
Jagatdal (West Bengal) Assembly Election Result 2026: Dr. Rajesh Kumar of BJP Wins,https://indianexpress.com/elections/jagatdal-election-result-live-updates-west-bengal-assembly-election-results-winner-10670188/,"Sun, 03 May 2026 22:38:00 +0000",,Indian Express Elections,2026-08-11 12:17:43.101677
Jagatballavpur (West Bengal) Assembly Election Result 2026: Anupam Ghosh of BJP Wins,https://indianexpress.com/elections/jagatballavpur-election-result-live-updates-west-bengal-assembly-election-results-winner-10670186/,"Sun, 03 May 2026 22:37:40 +0000",,Indian Express Elections,2026-08-11 12:17:43.101677
Jadavpur (West Bengal) Assembly Election Result 2026: Sarbori Mukherjee of BJP Wins,https://indianexpress.com/elections/jadavpur-election-result-live-updates-west-bengal-assembly-election-results-winner-10670184/,"Sun, 03 May 2026 22:37:20 +0000",,Indian Express Elections,2026-08-11 12:17:43.101677
Itahar (West Bengal) Assembly Election Result 2026: Mosaraf Hussen of AITC Wins,https://indianexpress.com/elections/itahar-election-result-live-updates-west-bengal-assembly-election-results-winner-10670182/,"Sun, 03 May 2026 22:37:00 +0000",,Indian Express Elections,2026-08-11 12:17:43.101677
Islampur (West Bengal) Assembly Election Result 2026: Agarwal Kanaia Lal of AITC Wins,https://indianexpress.com/elections/islampur-election-result-live-updates-west-bengal-assembly-election-results-winner-10670180/,"Sun, 03 May 2026 22:36:40 +0000",,Indian Express Elections,2026-08-11 12:17:43.101677
Indus (sc) (West Bengal) Assembly Election Result 2026: Nirmal Kumar Dhara of BJP Wins,https://indianexpress.com/elections/indus-election-result-live-updates-west-bengal-assembly-election-results-winner-10670177/,"Sun, 03 May 2026 22:36:20 +0000",,Indian Express Elections,2026-08-11 12:17:43.102678
Howrah Uttar (West Bengal) Assembly Election Result 2026: Umesh Rai of BJP Wins,https://indianexpress.com/elections/howrah-uttar-election-result-live-updates-west-bengal-assembly-election-results-winner-10670175/,"Sun, 03 May 2026 22:36:00 +0000",,Indian Express Elections,2026-08-11 12:17:43.102678
Howrah Madhya (West Bengal) Assembly Election Result 2026: Arup Roy of AITC Wins,https://indianexpress.com/elections/howrah-madhya-election-result-live-updates-west-bengal-assembly-election-results-winner-10670173/,"Sun, 03 May 2026 22:35:40 +0000",,Indian Express Elections,2026-08-11 12:17:43.102678
Howrah Dakshin (West Bengal) Assembly Election Result 2026: Nandita Chowdhury of AITC Wins,https://indianexpress.com/elections/howrah-dakshin-election-result-live-updates-west-bengal-assembly-election-results-winner-10670171/,"Sun, 03 May 2026 22:35:20 +0000",,Indian Express Elections,2026-08-11 12:17:43.102678
Hingalganj (sc) (West Bengal) Assembly Election Result 2026: Rekha Patra of BJP Wins,https://indianexpress.com/elections/hingalganj-election-result-live-updates-west-bengal-assembly-election-results-winner-10670169/,"Sun, 03 May 2026 22:35:00 +0000",,Indian Express Elections,2026-08-11 12:17:43.102678
Hemtabad (sc) (West Bengal) Assembly Election Result 2026: Haripada Barman of BJP Wins,https://indianexpress.com/elections/hemtabad-election-result-live-updates-west-bengal-assembly-election-results-winner-10670167/,"Sun, 03 May 2026 22:34:40 +0000",,Indian Express Elections,2026-08-11 12:17:43.102678
Haroa (West Bengal) Assembly Election Result 2026: Abdul Matin Muhammad of AITC Wins,https://indianexpress.com/elections/haroa-election-result-live-updates-west-bengal-assembly-election-results-winner-10670165/,"Sun, 03 May 2026 22:34:20 +0000",,Indian Express Elections,2026-08-11 12:17:43.102678
Harischandrapur (West Bengal) Assembly Election Result 2026: Md. Matibur Rahaman of AITC Wins,https://indianexpress.com/elections/harischandrapur-election-result-live-updates-west-bengal-assembly-election-results-winner-10670163/,"Sun, 03 May 2026 22:34:00 +0000",,Indian Express Elections,2026-08-11 12:17:43.102678
Harirampur (West Bengal) Assembly Election Result 2026: Biplab Mitra of AITC Wins,https://indianexpress.com/elections/harirampur-election-result-live-updates-west-bengal-assembly-election-results-winner-10670161/,"Sun, 03 May 2026 22:33:40 +0000",,Indian Express Elections,2026-08-11 12:17:43.102678
Haripal (West Bengal) Assembly Election Result 2026: Madhumita Ghosh of BJP Wins,https://indianexpress.com/elections/haripal-election-result-live-updates-west-bengal-assembly-election-results-winner-10670159/,"Sun, 03 May 2026 22:33:20 +0000",,Indian Express Elections,2026-08-11 12:17:43.102678
Haringhata (sc) (West Bengal) Assembly Election Result 2026: Asim Kumar Sarkar of BJP Wins,https://indianexpress.com/elections/haringhata-election-result-live-updates-west-bengal-assembly-election-results-winner-10670157/,"Sun, 03 May 2026 22:33:00 +0000",,Indian Express Elections,2026-08-11 12:17:43.102678
Hariharpara (West Bengal) Assembly Election Result 2026: Niamot Sheikh of AITC Wins,https://indianexpress.com/elections/hariharpara-election-result-live-updates-west-bengal-assembly-election-results-winner-10670155/,"Sun, 03 May 2026 22:32:40 +0000",,Indian Express Elections,2026-08-11 12:17:43.102678
Hansan (West Bengal) Assembly Election Result 2026: Fayezul Haque (Kajal Sk) of AITC Wins,https://indianexpress.com/elections/hansan-election-result-live-updates-west-bengal-assembly-election-results-winner-10670153/,"Sun, 03 May 2026 22:32:20 +0000",,Indian Express Elections,2026-08-11 12:17:43.102678
Haldia (sc) (West Bengal) Assembly Election Result 2026: Pradip Kumar Bijali of BJP Wins,https://indianexpress.com/elections/haldia-election-result-live-updates-west-bengal-assembly-election-results-winner-10670151/,"Sun, 03 May 2026 22:32:00 +0000",,Indian Express Elections,2026-08-11 12:17:43.102678
Habra (West Bengal) Assembly Election Result 2026: Debdas Mondal of BJP Wins,https://indianexpress.com/elections/habra-election-result-live-updates-west-bengal-assembly-election-results-winner-10670149/,"Sun, 03 May 2026 22:31:40 +0000",,Indian Express Elections,2026-08-11 12:17:43.102678
Habibpur (st) (West Bengal) Assembly Election Result 2026: Joyel Murmu of BJP Wins,https://indianexpress.com/elections/habibpur-election-result-live-updates-west-bengal-assembly-election-results-winner-10670144/,"Sun, 03 May 2026 22:31:20 +0000",,Indian Express Elections,2026-08-11 12:17:43.102678
Gosaba (sc) (West Bengal) Assembly Election Result 2026: Bikarna Naskar of BJP Wins,https://indianexpress.com/elections/gosaba-election-result-live-updates-west-bengal-assembly-election-results-winner-10670142/,"Sun, 03 May 2026 22:31:00 +0000",,Indian Express Elections,2026-08-11 12:17:43.102678
Gopiballavpur (West Bengal) Assembly Election Result 2026: Rajesh Mahata of BJP Wins,https://indianexpress.com/elections/gopiballavpur-election-result-live-updates-west-bengal-assembly-election-results-winner-10670140/,"Sun, 03 May 2026 22:30:40 +0000",,Indian Express Elections,2026-08-11 12:17:43.102678
Goghat (sc) (West Bengal) Assembly Election Result 2026: Prasanta Digar of BJP Wins,https://indianexpress.com/elections/goghat-election-result-live-updates-west-bengal-assembly-election-results-winner-10670138/,"Sun, 03 May 2026 22:30:20 +0000",,Indian Express Elections,2026-08-11 12:17:43.102678
Goalpokhar (West Bengal) Assembly Election Result 2026: Md Ghulam Rabbani of AITC Wins,https://indianexpress.com/elections/goalpokhar-election-result-live-updates-west-bengal-assembly-election-results-winner-10670136/,"Sun, 03 May 2026 22:30:00 +0000",,Indian Express Elections,2026-08-11 12:17:43.102678
Ghatal (sc) (West Bengal) Assembly Election Result 2026: Sital Kapat of BJP Wins,https://indianexpress.com/elections/ghatal-election-result-live-updates-west-bengal-assembly-election-results-winner-10670133/,"Sun, 03 May 2026 22:29:40 +0000",,Indian Express Elections,2026-08-11 12:17:43.102678
Gazole (sc) (West Bengal) Assembly Election Result 2026: Chinmoy Deb Barman of BJP Wins,https://indianexpress.com/elections/gazole-election-result-live-updates-west-bengal-assembly-election-results-winner-10670131/,"Sun, 03 May 2026 22:29:20 +0000",,Indian Express Elections,2026-08-11 12:17:43.102678
Garbeta (West Bengal) Assembly Election Result 2026: Pradip Lodha of BJP Wins,https://indianexpress.com/elections/garbeta-election-result-live-updates-west-bengal-assembly-election-results-winner-10670129/,"Sun, 03 May 2026 22:29:00 +0000",,Indian Express Elections,2026-08-11 12:17:43.102678
Gangarampur (sc) (West Bengal) Assembly Election Result 2026: Satyendra Nath Roy of BJP Wins,https://indianexpress.com/elections/gangarampur-election-result-live-updates-west-bengal-assembly-election-results-winner-10670127/,"Sun, 03 May 2026 22:28:40 +0000",,Indian Express Elections,2026-08-11 12:17:43.102678
Galsi (sc) (West Bengal) Assembly Election Result 2026: Raju Patra of BJP Wins,https://indianexpress.com/elections/galsi-election-result-live-updates-west-bengal-assembly-election-results-winner-10670125/,"Sun, 03 May 2026 22:28:20 +0000",,Indian Express Elections,2026-08-11 12:17:43.102678
